,ddG:,description,total,fa_atr,fa_rep,fa_sol,fa_intra_rep,fa_elec,pro_close,hbond_sr_bb,hbond_lr_bb,hbond_bb_sc,hbond_sc,dslf_fa13,coordinate_constraint,angle_constraint,dihedral_constraint,rama,omega,fa_dun,p_aa_pp,ref,chainbreak,res_type_constraint
0,ddG:,H101R,3.084,3.55,-0.581,-4.436,-0.003,4.233,-0.054,-0.086,-0.144,1.662,0.136,-0.005,0.0,0.0,0.0,-0.183,-0.359,-0.144,0.005,-0.507,0.0,0.0
1,ddG:,P180K,9.735,-1.373,0.225,7.052,0.03,0.413,0.109,-0.026,0.362,0.637,1.134,-0.002,0.0,0.0,0.0,0.279,-0.092,0.977,0.079,-0.068,0.0,0.0
2,ddG:,H379T,4.029,10.145,-0.503,-3.892,-0.02,0.473,0.061,-0.218,0.286,-1.205,2.15,-0.005,0.0,0.0,0.0,0.331,0.421,-3.625,-0.176,-0.193,0.0,0.0
3,ddG:,Y75H,3.305,1.674,-2.389,1.336,-0.023,0.777,-0.018,-0.23,-0.196,0.143,1.862,0.001,0.0,0.0,0.0,0.129,0.525,-0.301,-0.211,0.226,0.0,0.0
4,ddG:,L122E,5.403,-1.551,-0.613,11.396,0.023,-3.202,0.043,-0.091,-0.065,-0.546,-3.184,-0.001,0.0,0.0,0.0,-0.167,-0.334,5.518,0.335,-2.156,0.0,0.0
5,ddG:,H315N,5.3,3.977,-0.244,-4.216,0.017,4.49,-0.047,-0.145,0.254,1.258,2.745,-0.001,0.0,0.0,0.0,-0.183,0.117,-1.186,-0.234,-1.299,0.0,0.0
6,ddG:,L122N,11.959,-3.467,-0.087,11.252,-0.016,0.683,0.025,0.13,0.565,-0.419,2.404,0.0,0.0,0.0,0.0,0.176,-0.103,2.347,0.012,-1.544,0.0,0.0
7,ddG:,I91E,-4.481,-1.489,-1.019,3.636,-0.006,-1.756,-0.059,-0.673,-0.287,0.148,-2.914,-0.004,0.0,0.0,0.0,0.6,-0.003,1.374,0.357,-2.386,0.0,0.0
8,ddG:,E406D,10.201,-0.375,-0.568,0.573,0.011,4.873,0.405,0.217,0.131,0.35,5.338,-0.008,0.0,0.0,0.0,0.018,0.744,-1.531,-0.245,0.267,0.0,0.0
9,ddG:,W247N,7.82,11.106,-3.131,0.168,-0.026,2.18,-0.084,-0.469,-0.119,0.979,0.64,-0.004,0.0,0.0,0.0,0.705,-0.222,-2.478,0.446,-1.871,0.0,0.0
10,ddG:,H379R,4.029,-4.416,-1.204,9.301,-0.007,3.87,-0.044,-0.509,-0.187,2.189,-1.189,-0.007,0.0,0.0,0.0,0.66,0.298,-4.389,0.171,-0.507,0.0,0.0
11,ddG:,T303N,4.739,-0.17,-0.235,-1.49,0.006,4.914,-0.003,-0.676,0.197,0.236,3.982,-0.008,0.0,0.0,0.0,0.819,0.604,-2.861,0.532,-1.107,0.0,0.0
12,ddG:,H373R,-0.212,3.372,0.495,-0.307,-0.021,-2.496,0.038,0.397,-0.021,-1.298,0.101,0.007,0.0,0.0,0.0,-0.823,-0.44,1.418,-0.129,-0.507,0.0,0.0
13,ddG:,C167Q,7.123,4.771,0.167,-7.495,0.008,4.185,0.097,-0.174,0.222,-0.157,3.487,0.0,0.0,0.0,0.0,-0.446,0.652,3.763,-0.422,-1.533,0.0,0.0
14,ddG:,I195S,9.196,9.571,-0.849,-1.543,0.024,1.872,0.052,-0.17,0.122,0.078,2.753,0.006,0.0,0.0,0.0,-0.238,-0.327,-1.435,-0.063,-0.655,0.0,0.0
15,ddG:,E164A,1.246,11.627,-1.906,-13.616,-0.085,2.626,0.0,0.115,0.35,-1.041,5.552,0.0,0.0,0.0,0.0,0.005,0.681,-5.346,0.136,2.147,0.0,0.0
16,ddG:,D403A,-0.084,8.162,-2.992,-11.071,-0.024,3.149,-0.007,0.257,-0.104,0.644,0.973,-0.008,0.0,0.0,0.0,-0.523,0.77,-1.25,0.061,1.88,0.0,0.0
17,ddG:,E177A,-0.731,1.029,-0.495,-3.457,-0.024,1.328,-0.045,0.126,-0.122,-1.31,2.568,0.005,0.0,0.0,0.0,0.078,-0.091,-2.485,0.018,2.147,0.0,0.0
18,ddG:,E154D,5.108,-4.377,0.348,1.037,-0.007,4.355,-0.031,-0.043,0.587,1.069,4.298,0.007,0.0,0.0,0.0,0.311,-0.38,-2.237,-0.096,0.267,0.0,0.0
19,ddG:,E426S,-3.236,-1.003,-0.263,4.655,-0.008,-4.012,-0.29,0.04,0.085,0.542,-2.291,0.002,0.0,0.0,0.0,-0.025,-0.458,-1.595,-0.344,1.73,0.0,0.0
20,ddG:,P180L,6.748,1.229,1.956,2.757,0.005,-1.599,-0.018,0.327,-0.366,0.557,-1.124,0.005,0.0,0.0,0.0,0.235,0.229,1.724,0.007,0.822,0.0,0.0
21,ddG:,W120A,7.079,19.364,-4.741,-7.961,-0.037,1.307,0.035,0.268,0.175,-0.029,0.144,0.005,0.0,0.0,0.0,0.119,0.046,-1.543,0.263,-0.336,0.0,0.0
22,ddG:,S344A,3.832,7.989,0.612,-6.749,0.025,1.166,0.047,-0.003,0.378,1.297,0.296,0.02,0.0,0.0,0.0,0.287,-0.514,-1.14,-0.295,0.416,0.0,0.0
23,ddG:,K334A,-5.124,4.43,-0.906,-4.91,0.011,-2.208,0.012,-0.359,-0.294,0.193,-1.367,-0.005,0.0,0.0,0.0,0.053,-0.379,-0.355,0.082,0.88,0.0,0.0
24,ddG:,W407C,11.852,17.714,-3.185,-6.711,0.034,1.531,0.065,-0.134,0.134,-0.025,2.739,0.009,0.0,0.0,0.0,1.026,0.275,-0.131,-0.913,-0.574,0.0,0.0
25,ddG:,Q19A,2.246,7.313,-0.032,-7.922,-0.002,0.611,0.293,0.448,-0.055,-0.967,2.729,0.005,0.0,0.0,0.0,-0.485,0.702,-2.187,0.023,1.771,0.0,0.0
26,ddG:,Q313R,-2.293,-8.086,0.624,10.938,0.0,-5.328,0.277,0.62,-0.001,-2.299,-1.733,0.001,0.0,0.0,0.0,-0.531,0.772,1.263,0.16,1.029,0.0,0.0
27,ddG:,L402C,0.976,7.581,-0.728,-3.265,-0.003,-0.759,-0.002,-0.213,-0.167,-0.357,-0.289,0.002,0.0,0.0,0.0,0.042,-0.263,-0.635,0.281,-0.247,0.0,0.0
28,ddG:,W399C,4.282,16.451,-1.498,-5.5,-0.028,-2.501,0.062,0.17,-0.105,0.647,-1.892,0.002,0.0,0.0,0.0,-0.401,0.002,-0.458,-0.095,-0.574,0.0,0.0
29,ddG:,M261D,6.58,2.987,0.163,4.454,0.009,-0.127,0.003,0.095,0.111,-1.139,1.054,0.001,0.0,0.0,0.0,-0.22,-0.206,0.754,0.086,-1.445,0.0,0.0
30,ddG:,N293A,0.081,6.564,-0.463,-8.741,-0.009,2.39,0.008,-0.355,0.043,0.947,3.002,-0.002,0.0,0.0,0.0,0.574,-0.961,-4.514,0.061,1.535,0.0,0.0
31,ddG:,H328L,10.529,8.725,0.686,-11.511,-0.008,8.131,-0.073,0.336,0.264,0.586,3.855,0.003,0.0,0.0,0.0,0.226,0.089,-1.356,0.329,0.245,0.0,0.0
32,ddG:,G22S,2.216,-2.363,5.302,1.628,0.01,-2.328,-0.068,-0.162,0.165,-0.396,-1.599,-0.008,0.0,0.0,0.0,0.962,0.603,-0.739,1.173,0.036,0.0,0.0
33,ddG:,G174R,13.066,-10.88,4.472,15.257,0.061,-1.82,0.003,0.492,0.719,-1.774,-2.554,0.003,0.0,0.0,0.0,-0.232,1.264,8.192,0.152,-0.29,0.0,0.0
34,ddG:,Y75H,5.061,3.859,-0.733,1.711,-0.011,-1.974,0.114,-0.314,0.042,0.975,0.291,0.013,0.0,0.0,0.0,-0.15,0.318,1.217,-0.522,0.226,0.0,0.0
35,ddG:,H223G,0.613,9.372,-2.14,-2.83,0.017,-2.708,0.014,-0.331,-0.349,0.793,-1.894,-0.005,0.0,0.0,0.0,0.523,0.247,-0.246,0.369,-0.217,0.0,0.0
36,ddG:,M261T,4.842,5.312,-1.211,-0.911,-0.004,0.051,0.164,0.055,0.219,1.15,1.231,-0.004,0.0,0.0,0.0,0.133,0.257,-1.468,-0.138,0.006,0.0,0.0
37,ddG:,S169P,14.413,-4.714,9.174,-0.271,-0.009,0.119,1.282,0.804,0.451,0.25,2.261,0.008,0.0,0.0,0.0,1.782,1.368,1.903,0.401,-0.396,0.0,0.0
38,ddG:,R297F,-2.276,-2.998,-0.604,-3.688,0.052,-0.931,0.396,0.602,-0.164,-0.164,-0.48,-0.007,0.0,0.0,0.0,-0.384,0.899,4.359,0.255,0.58,0.0,0.0
39,ddG:,W120F,1.691,6.595,-3.799,-4.736,-0.006,0.085,0.049,-0.838,0.019,1.428,1.942,0.001,0.0,0.0,0.0,0.251,0.377,1.423,-0.603,-0.499,0.0,0.0
40,ddG:,Y295A,13.06,12.999,-1.798,-9.511,0.01,3.96,0.028,-0.121,0.379,1.739,5.997,0.001,0.0,0.0,0.0,0.336,-1.291,-0.834,0.704,0.461,0.0,0.0
41,ddG:,M323K,4.209,0.669,0.167,4.768,0.031,-2.393,-0.05,-0.174,0.176,-0.26,-0.799,0.0,0.0,0.0,0.0,-0.189,0.697,2.572,-0.562,-0.446,0.0,0.0
42,ddG:,W407R,12.019,5.413,-0.969,5.741,-0.028,1.746,0.018,-0.077,0.272,0.71,1.836,-0.005,0.0,0.0,0.0,0.278,0.317,-1.148,-1.007,-1.078,0.0,0.0
43,ddG:,M316R,1.502,-0.948,-0.114,5.099,0.028,-3.311,-0.062,0.504,0.16,-0.655,-0.357,0.007,0.0,0.0,0.0,-0.218,0.478,1.196,0.003,-0.308,0.0,0.0
44,ddG:,W407G,5.351,20.957,-3.0,-10.517,-0.024,1.408,-0.08,-0.023,-0.084,-1.835,2.672,0.018,0.0,0.0,0.0,-0.345,-0.607,-1.183,-1.217,-0.789,0.0,0.0
45,ddG:,W34A,8.512,21.478,-3.59,-6.014,-0.017,0.261,-0.327,-0.041,-0.101,-0.258,0.534,0.005,0.0,0.0,0.0,0.164,-0.547,-2.405,-0.293,-0.336,0.0,0.0
46,ddG:,W399S,9.946,12.606,0.185,-4.508,-0.048,1.653,0.024,0.125,0.102,-0.18,2.425,-0.003,0.0,0.0,0.0,0.265,-0.294,-2.084,0.432,-0.753,0.0,0.0
47,ddG:,W325L,5.585,16.415,-2.039,-11.91,0.164,3.789,-0.037,-0.175,-0.094,0.61,1.006,-0.001,0.0,0.0,0.0,0.133,0.249,-2.328,0.131,-0.327,0.0,0.0
48,ddG:,D55G,-5.8,2.399,0.108,-5.663,-0.008,1.51,-0.065,-0.058,-0.246,-0.252,-0.104,-0.001,0.0,0.0,0.0,0.083,-0.696,-4.292,0.059,1.427,0.0,0.0
49,ddG:,Y294A,8.613,15.448,-1.033,-5.825,-0.055,1.061,0.068,0.145,0.104,0.473,3.265,-0.002,0.0,0.0,0.0,0.204,0.207,-5.855,-0.054,0.461,0.0,0.0
50,ddG:,Y166D,8.362,4.285,0.637,4.117,-0.046,-0.023,0.115,0.121,0.025,0.853,-0.802,0.006,0.0,0.0,0.0,-0.381,-0.654,1.495,0.032,-1.419,0.0,0.0
51,ddG:,H178R,0.562,-0.355,0.413,7.517,0.108,-4.241,0.011,0.365,0.355,-0.806,-2.962,-0.007,0.0,0.0,0.0,0.068,0.401,-0.159,0.362,-0.507,0.0,0.0
52,ddG:,H328C,-2.408,10.578,-0.731,-10.742,-0.019,2.423,0.043,-0.19,-0.658,-0.784,2.344,0.007,0.0,0.0,0.0,0.113,-0.248,-4.716,0.176,-0.003,0.0,0.0
53,ddG:,C167Q,3.917,-9.104,3.124,5.132,0.0,2.814,0.021,-0.035,0.067,-0.07,1.587,0.009,0.0,0.0,0.0,0.191,-0.564,2.117,0.163,-1.533,0.0,0.0
54,ddG:,E154D,1.733,2.605,0.279,-1.832,0.018,0.528,-0.002,-0.092,0.088,-0.847,1.16,0.001,0.0,0.0,0.0,0.064,-0.189,-0.305,-0.009,0.267,0.0,0.0
55,ddG:,E177A,-0.361,7.804,-1.012,-10.885,0.003,3.759,-0.049,-0.583,-0.068,1.268,2.873,0.006,0.0,0.0,0.0,0.375,0.4,-6.02,-0.379,2.147,0.0,0.0
56,ddG:,D403A,-0.037,5.611,-0.695,-10.098,-0.01,3.245,0.003,0.123,0.076,0.599,1.238,-0.006,0.0,0.0,0.0,-0.171,0.073,-1.75,-0.155,1.88,0.0,0.0
57,ddG:,E426S,-0.222,-0.024,1.39,-0.187,-0.009,-0.985,-0.001,-0.021,0.06,0.322,0.168,0.008,0.0,0.0,0.0,0.073,-0.038,-2.435,-0.274,1.73,0.0,0.0
58,ddG:,P180L,8.688,-0.224,2.227,1.744,-0.011,1.866,-0.019,0.415,-0.234,-0.431,1.161,0.002,0.0,0.0,0.0,0.387,-0.225,0.877,0.331,0.822,0.0,0.0
59,ddG:,P180K,8.217,-1.408,-1.079,5.897,0.027,3.024,-0.019,-0.422,-0.078,-0.161,0.592,-0.007,0.0,0.0,0.0,0.061,-0.287,1.85,0.294,-0.068,0.0,0.0
60,ddG:,E406D,1.322,6.61,-0.407,-7.735,0.006,2.749,0.006,-0.579,0.134,-0.3,2.264,0.007,0.0,0.0,0.0,0.235,-0.39,-0.941,-0.604,0.267,0.0,0.0
61,ddG:,E164A,-3.223,7.296,-1.81,-10.824,0.003,0.88,0.0,0.146,-0.239,-0.754,2.159,-0.001,0.0,0.0,0.0,0.056,0.026,-2.3,-0.007,2.147,0.0,0.0
62,ddG:,I91E,1.485,4.305,-0.784,-0.592,-0.023,1.242,-0.002,-0.331,0.018,1.367,-0.869,-0.005,0.0,0.0,0.0,0.367,0.468,-0.873,-0.418,-2.386,0.0,0.0
63,ddG:,H315N,0.095,1.303,-0.243,-0.376,0.016,1.24,0.005,0.214,-0.246,-0.499,-0.692,0.0,0.0,0.0,0.0,-0.299,-0.525,1.233,0.262,-1.299,0.0,0.0
64,ddG:,W247N,8.209,14.747,-0.432,-4.167,-0.024,-0.301,0.033,-0.414,0.134,2.298,-0.37,-0.003,0.0,0.0,0.0,0.583,-0.242,-1.808,0.046,-1.871,0.0,0.0
65,ddG:,M261D,6.56,-1.43,3.168,7.712,-0.024,0.022,-0.028,0.332,0.227,-0.49,0.969,0.01,0.0,0.0,0.0,0.002,-0.961,-1.706,0.201,-1.445,0.0,0.0
66,ddG:,L122E,7.337,-5.835,-0.463,15.064,0.0,-0.875,-0.013,0.08,0.051,-0.578,-0.969,-0.007,0.0,0.0,0.0,0.165,-0.319,2.704,0.488,-2.156,0.0,0.0
67,ddG:,H379T,3.834,11.97,-0.099,-7.702,-0.014,3.245,-0.038,-0.095,0.074,-0.643,0.488,0.006,0.0,0.0,0.0,0.117,0.151,-3.484,0.051,-0.193,0.0,0.0
68,ddG:,S344A,-1.662,2.43,-3.043,-3.915,0.007,1.854,-0.021,-0.128,-0.362,0.569,-0.086,-0.012,0.0,0.0,0.0,0.56,-0.064,-0.159,0.291,0.416,0.0,0.0
69,ddG:,M261T,3.214,8.18,-1.032,1.266,0.01,-3.285,0.02,0.148,-0.347,0.876,-2.792,-0.007,0.0,0.0,0.0,-0.253,0.938,-0.684,0.172,0.006,0.0,0.0
70,ddG:,H101R,0.543,3.462,-0.754,-0.705,0.01,-1.046,0.017,0.348,-0.07,-0.509,-0.278,-0.005,0.0,0.0,0.0,-0.578,-0.033,1.305,-0.112,-0.507,0.0,0.0
71,ddG:,M323K,4.979,-2.045,1.893,7.764,0.032,-3.816,0.006,0.422,0.231,-1.968,-1.002,0.008,0.0,0.0,0.0,-0.583,-0.246,4.63,0.099,-0.446,0.0,0.0
72,ddG:,Y75H,6.024,5.259,-1.593,-0.733,-0.01,1.559,0.069,0.18,-0.11,-0.14,0.966,-0.001,0.0,0.0,0.0,-0.103,-0.332,0.442,0.343,0.226,0.0,0.0
73,ddG:,L122N,6.203,2.675,-1.892,3.767,-0.016,2.788,-0.381,-0.262,-0.177,0.375,1.325,-0.007,0.0,0.0,0.0,0.527,-0.469,-0.538,0.029,-1.544,0.0,0.0
74,ddG:,G174R,18.259,-7.393,5.56,10.213,0.047,1.422,-0.03,0.523,1.022,-0.411,1.064,0.001,0.0,0.0,0.0,-0.416,1.067,6.088,-0.209,-0.29,0.0,0.0
75,ddG:,H379R,7.974,-6.778,1.25,12.953,0.023,1.207,-0.033,0.129,-0.041,-0.243,-1.379,0.006,0.0,0.0,0.0,-0.13,-0.062,1.667,-0.088,-0.507,0.0,0.0
76,ddG:,T303N,0.842,-6.281,1.247,4.629,0.014,1.498,0.046,0.054,0.0,-1.012,0.611,0.007,0.0,0.0,0.0,0.507,-0.642,0.551,0.722,-1.107,0.0,0.0
77,ddG:,H373R,-1.834,-3.326,-1.436,8.243,-0.025,-3.878,0.082,0.048,-0.232,0.529,-3.645,-0.003,0.0,0.0,0.0,-0.09,0.267,2.119,0.018,-0.507,0.0,0.0
78,ddG:,I195S,2.175,9.581,-1.819,-1.838,-0.014,-1.781,0.01,0.146,-0.059,-0.609,-0.087,-0.003,0.0,0.0,0.0,-0.796,-0.156,0.02,0.233,-0.655,0.0,0.0
79,ddG:,W407G,7.485,16.196,-2.838,-4.31,-0.037,0.999,0.011,-0.202,-0.178,-0.607,1.638,0.01,0.0,0.0,0.0,0.257,-0.593,-0.885,-1.188,-0.789,0.0,0.0
80,ddG:,L402C,1.822,3.177,-0.924,1.772,-0.014,-0.502,0.048,0.128,0.015,-0.299,-1.071,0.001,0.0,0.0,0.0,-0.065,-0.572,0.178,0.198,-0.247,0.0,0.0
81,ddG:,Y295A,10.874,18.604,-3.099,-14.807,-0.003,4.702,0.01,0.435,-0.025,-0.019,4.996,0.002,0.0,0.0,0.0,-0.1,-0.579,-0.397,0.694,0.461,0.0,0.0
82,ddG:,S169P,11.215,1.138,8.279,-5.726,0.014,-0.65,1.291,1.34,-0.077,-0.32,0.107,0.013,0.0,0.0,0.0,1.374,1.182,2.65,0.995,-0.396,0.0,0.0
83,ddG:,W399S,5.103,19.739,-1.347,-10.282,-0.025,-0.628,0.005,0.011,-0.041,1.043,-1.337,0.001,0.0,0.0,0.0,-0.216,0.332,-1.237,-0.162,-0.753,0.0,0.0
84,ddG:,W34A,9.688,16.985,-0.915,-4.455,-0.04,0.415,0.008,0.43,-0.043,-1.335,1.429,0.007,0.0,0.0,0.0,-0.131,-0.473,-2.144,0.286,-0.336,0.0,0.0
85,ddG:,Y294A,6.037,14.635,-0.395,-5.779,-0.032,-0.722,-0.023,0.075,-0.018,-0.032,0.132,0.001,0.0,0.0,0.0,0.12,-0.02,-2.52,0.156,0.461,0.0,0.0
86,ddG:,W407R,7.325,10.6,-2.459,0.372,-0.031,0.944,-0.001,-0.085,-0.417,0.446,0.026,-0.007,0.0,0.0,0.0,0.369,0.488,-0.763,-1.078,-1.078,0.0,0.0
87,ddG:,W399C,7.645,15.67,0.048,-9.383,-0.05,3.553,0.003,0.014,-0.052,-0.225,1.635,0.001,0.0,0.0,0.0,0.207,-0.474,-3.192,0.464,-0.574,0.0,0.0
88,ddG:,H328C,-0.766,3.783,0.948,-2.596,0.012,-0.587,0.021,-0.302,0.132,0.55,0.352,0.005,0.0,0.0,0.0,0.537,-1.031,-2.796,0.208,-0.003,0.0,0.0
89,ddG:,Y75H,4.991,1.3,-0.293,1.974,-0.025,1.321,0.073,0.116,0.059,-1.033,1.871,0.001,0.0,0.0,0.0,0.169,-0.827,-0.527,0.588,0.226,0.0,0.0
90,ddG:,H328L,5.129,2.252,0.576,-2.353,-0.016,3.166,-0.097,0.191,0.199,-0.568,2.522,0.006,0.0,0.0,0.0,0.052,0.488,-2.145,0.612,0.245,0.0,0.0
91,ddG:,R297F,1.801,-2.391,-0.197,-4.21,0.05,3.102,0.048,0.072,0.359,-0.951,2.881,0.001,0.0,0.0,0.0,0.347,-0.004,1.792,0.321,0.58,0.0,0.0
92,ddG:,Y166D,4.113,0.855,-2.694,12.115,0.003,-5.78,0.052,0.104,-0.047,-0.045,-4.65,-0.005,0.0,0.0,0.0,-0.209,-0.019,5.266,0.585,-1.419,0.0,0.0
93,ddG:,W325L,5.549,17.186,-1.46,-12.269,0.15,2.425,0.058,0.422,-0.21,0.867,1.2,-0.002,0.0,0.0,0.0,-0.371,-0.076,-2.146,0.104,-0.327,0.0,0.0
94,ddG:,W120A,4.122,20.385,-5.606,-8.105,-0.036,-0.889,0.017,0.088,-0.177,0.577,-2.016,0.005,0.0,0.0,0.0,-0.054,0.641,-0.207,-0.166,-0.336,0.0,0.0
95,ddG:,W120F,-1.773,5.915,-3.021,-4.014,-0.008,-0.543,0.027,-0.971,-0.25,1.358,-0.735,-0.003,0.0,0.0,0.0,0.153,0.269,1.005,-0.457,-0.499,0.0,0.0
96,ddG:,H223G,5.618,14.442,-1.874,-11.092,0.021,2.131,-0.04,-0.064,0.053,0.906,1.914,0.003,0.0,0.0,0.0,0.124,0.297,-0.767,-0.22,-0.217,0.0,0.0
97,ddG:,N293A,1.009,13.189,-0.894,-14.554,0.001,1.589,0.009,-0.166,0.058,0.971,3.872,-0.003,0.0,0.0,0.0,-0.09,-0.369,-3.635,-0.504,1.535,0.0,0.0
98,ddG:,G22S,8.951,-3.006,5.576,2.627,-0.016,0.587,-0.009,0.454,0.508,-0.733,0.549,-0.012,0.0,0.0,0.0,0.672,0.639,-0.196,1.275,0.036,0.0,0.0
99,ddG:,Q313R,-1.462,-9.21,0.215,11.582,0.011,-3.932,0.0,0.21,0.07,0.464,-2.109,-0.003,0.0,0.0,0.0,0.208,0.171,-0.012,-0.156,1.029,0.0,0.0
100,ddG:,M316R,0.489,-2.84,1.138,4.236,0.012,-1.998,0.063,0.29,-0.243,-0.421,-3.489,0.002,0.0,0.0,0.0,-0.094,-0.355,4.3,0.196,-0.308,0.0,0.0
101,ddG:,D55G,-2.896,2.002,0.558,-5.176,-0.022,1.553,0.006,0.043,0.027,-0.374,1.21,-0.002,0.0,0.0,0.0,0.014,-0.407,-3.615,-0.141,1.427,0.0,0.0
102,ddG:,Q19A,-0.333,4.898,2.271,-10.007,-0.022,0.351,0.366,0.25,0.12,0.006,2.053,0.002,0.0,0.0,0.0,0.323,-0.089,-2.943,0.317,1.771,0.0,0.0
103,ddG:,K334A,2.66,0.861,0.102,-0.498,-0.001,1.153,0.06,-0.552,0.052,-0.512,1.119,0.001,0.0,0.0,0.0,0.134,0.04,-0.048,-0.133,0.88,0.0,0.0
104,ddG:,H178R,2.399,-3.592,-0.635,10.348,0.132,-3.838,-0.029,0.372,0.044,-0.345,-1.295,0.002,0.0,0.0,0.0,-0.233,0.252,1.928,-0.207,-0.507,0.0,0.0
105,ddG:,W407C,7.936,18.149,-2.554,-7.41,-0.038,1.66,-0.022,-0.131,-0.157,0.142,2.237,0.011,0.0,0.0,0.0,0.993,-0.131,-3.255,-0.984,-0.574,0.0,0.0
