well,temp,rate,mutant,assay date 
A1,50.0,3.38E-04,WT,
B1,47.1,2.77E-04,WT,
C1,44.3,8.50E-04,WT,
D1,41.4,5.58E-02,WT,
E1,38.6,1.57E-01,WT,
F1,35.7,1.70E-01,WT,
G1,32.9,1.73E-01,WT,
H1,30.0,1.76E-01,WT,
A2,50.0,-1.66E-04,WT,
B2,47.1,1.49E-04,WT,
C2,44.3,7.58E-04,WT,
D2,41.4,5.73E-02,WT,
E2,38.6,1.55E-01,WT,
F2,35.7,1.61E-01,WT,
G2,32.9,1.58E-01,WT,
H2,30.0,1.72E-01,WT,
A3,50.0,-1.31E-04,WT,
B3,47.1,2.04E-04,WT,
C3,44.3,8.81E-04,WT,
D3,41.4,6.55E-02,WT,
E3,38.6,1.54E-01,WT,
F3,35.7,1.61E-01,WT,
G3,32.9,1.48E-01,WT,
H3,30.0,1.75E-01,WT,
A4,50.0,-4.82E-04,R76A,
B4,47.1,8.71E-05,R76A,
C4,44.3,-1.18E-04,R76A,
D4,41.4,-3.88E-04,R76A,
E4,38.6,-3.83E-03,R76A,
F4,35.7,-1.10E-02,R76A,
G4,32.9,3.76E-04,R76A,
H4,30.0,1.34E-04,R76A,
A5,50.0,1.10E-04,R76A,
B5,47.1,-1.49E-04,R76A,
C5,44.3,1.04E-04,R76A,
D5,41.4,8.62E-05,R76A,
E5,38.6,-6.52E-03,R76A,
F5,35.7,2.37E-04,R76A,
G5,32.9,1.76E-04,R76A,
H5,30.0,-3.27E-04,R76A,
A6,50.0,2.06E-04,R76A,
B6,47.1,-7.38E-05,R76A,
C6,44.3,-1.94E-04,R76A,
D6,41.4,1.70E-04,R76A,
E6,38.6,-8.83E-03,R76A,
F6,35.7,3.67E-04,R76A,
G6,32.9,2.72E-04,R76A,
H6,30.0,-4.22E-04,R76A,
A7,50.0,1.11E-04,S16A,
B7,47.1,-9.93E-05,S16A,
C7,44.3,1.39E-04,S16A,
D7,41.4,3.23E-03,S16A,
E7,38.6,1.36E-02,S16A,
F7,35.7,1.31E-02,S16A,
G7,32.9,1.43E-02,S16A,
H7,30.0,1.38E-02,S16A,
A8,50.0,1.45E-04,S16A,
B8,47.1,-1.56E-04,S16A,
C8,44.3,9.86E-05,S16A,
D8,41.4,3.87E-03,S16A,
E8,38.6,1.23E-02,S16A,
F8,35.7,1.37E-02,S16A,
G8,32.9,1.54E-02,S16A,
H8,30.0,1.43E-02,S16A,
A9,50.0,1.12E-04,S16A,
B9,47.1,1.80E-04,S16A,
C9,44.3,1.43E-04,S16A,
D9,41.4,3.73E-03,S16A,
E9,38.6,1.12E-02,S16A,
F9,35.7,1.38E-02,S16A,
G9,32.9,1.54E-02,S16A,
H9,30.0,1.40E-02,S16A,
A10,50.0,1.75E-04,S400A,
B10,47.1,3.10E-04,S400A,
C10,44.3,5.09E-04,S400A,
D10,41.4,1.95E-02,S400A,
E10,38.6,1.29E-01,S400A,
F10,35.7,1.46E-01,S400A,
G10,32.9,1.57E-01,S400A,
H10,30.0,1.60E-01,S400A,
A11,50.0,1.36E-04,S400A,
B11,47.1,3.40E-04,S400A,
C11,44.3,4.56E-04,S400A,
D11,41.4,1.76E-02,S400A,
E11,38.6,1.34E-01,S400A,
F11,35.7,1.54E-01,S400A,
G11,32.9,1.57E-01,S400A,
H11,30.0,1.52E-01,S400A,
A12,50.0,1.66E-04,S400A,
B12,47.1,2.24E-04,S400A,
C12,44.3,5.82E-04,S400A,
D12,41.4,1.73E-02,S400A,
E12,38.6,1.35E-01,S400A,
F12,35.7,1.52E-01,S400A,
G12,32.9,1.56E-01,S400A,
H12,30.0,1.57E-01,S400A,
A1,50.0,2.74E-05,C167A,
B1,47.1,6.69E-05,C167A,
C1,44.3,6.50E-04,C167A,
D1,41.4,1.43E-02,C167A,
E1,38.6,1.04E-01,C167A,
F1,35.7,1.12E-01,C167A,
G1,32.9,9.79E-02,C167A,
H1,30.0,1.06E-01,C167A,
A2,50.0,1.65E-05,C167A,
B2,47.1,1.30E-04,C167A,
C2,44.3,6.72E-04,C167A,
D2,41.4,4.23E-03,C167A,
E2,38.6,8.09E-02,C167A,
F2,35.7,1.05E-01,C167A,
G2,32.9,1.09E-01,C167A,
H2,30.0,3.24E-02,C167A,
A3,50.0,-2.76E-05,C167A,
B3,47.1,3.24E-05,C167A,
C3,44.3,6.67E-04,C167A,
D3,41.4,9.17E-03,C167A,
E3,38.6,9.43E-02,C167A,
F3,35.7,1.06E-01,C167A,
G3,32.9,8.21E-02,C167A,
H3,30.0,6.07E-02,C167A,
A4,50.0,-2.05E-05,E53A,
B4,47.1,-3.34E-05,E53A,
C4,44.3,1.62E-05,E53A,
D4,41.4,1.58E-05,E53A,
E4,38.6,-5.18E-05,E53A,
F4,35.7,-9.20E-05,E53A,
G4,32.9,3.64E-05,E53A,
H4,30.0,-1.41E-05,E53A,
A5,50.0,3.27E-05,E53A,
B5,47.1,-1.84E-05,E53A,
C5,44.3,2.28E-05,E53A,
D5,41.4,-1.74E-05,E53A,
E5,38.6,-7.63E-05,E53A,
F5,35.7,-6.02E-05,E53A,
G5,32.9,-8.34E-05,E53A,
H5,30.0,-7.59E-06,E53A,
A6,50.0,-2.74E-05,E53A,
B6,47.1,-4.08E-05,E53A,
C6,44.3,-2.31E-05,E53A,
D6,41.4,-1.13E-05,E53A,
E6,38.6,-8.61E-05,E53A,
F6,35.7,5.43E-05,E53A,
G6,32.9,-7.40E-05,E53A,
H6,30.0,-1.12E-05,E53A,
A7,50.0,2.84E-05,H178A,
B7,47.1,2.50E-05,H178A,
C7,44.3,-5.29E-05,H178A,
D7,41.4,2.31E-04,H178A,
E7,38.6,6.42E-04,H178A,
F7,35.7,1.61E-03,H178A,
G7,32.9,1.70E-03,H178A,
H7,30.0,1.90E-03,H178A,
A8,50.0,-3.23E-05,H178A,
B8,47.1,-2.58E-05,H178A,
C8,44.3,-2.34E-05,H178A,
D8,41.4,5.95E-05,H178A,
E8,38.6,3.20E-04,H178A,
F8,35.7,1.31E-03,H178A,
G8,32.9,2.42E-03,H178A,
H8,30.0,8.83E-04,H178A,
A9,50.0,-2.99E-05,H178A,
B9,47.1,-2.46E-05,H178A,
C9,44.3,-9.14E-05,H178A,
D9,41.4,4.86E-05,H178A,
E9,38.6,3.66E-04,H178A,
F9,35.7,1.48E-03,H178A,
G9,32.9,1.07E-03,H178A,
H9,30.0,1.62E-03,H178A,
A10,50.0,6.02E-05,L171A,
B10,47.1,-6.53E-05,L171A,
C10,44.3,3.59E-05,L171A,
D10,41.4,5.10E-03,L171A,
E10,38.6,8.41E-02,L171A,
F10,35.7,6.30E-02,L171A,
G10,32.9,1.53E-01,L171A,
H10,30.0,8.24E-02,L171A,
A11,50.0,3.56E-05,L171A,
B11,47.1,-4.53E-05,L171A,
C11,44.3,1.26E-04,L171A,
D11,41.4,4.16E-03,L171A,
E11,38.6,1.02E-01,L171A,
F11,35.7,1.40E-01,L171A,
G11,32.9,1.33E-01,L171A,
H11,30.0,1.20E-01,L171A,
A12,50.0,4.63E-05,L171A,
B12,47.1,6.68E-05,L171A,
C12,44.3,6.03E-05,L171A,
D12,41.4,3.72E-03,L171A,
E12,38.6,1.08E-01,L171A,
F12,35.7,1.36E-01,L171A,
G12,32.9,1.57E-01,L171A,
H12,30.0,8.94E-02,L171A,
A1,50.0,-2.42E-02,M323A,
B1,47.1,-2.26E-02,M323A,
C1,44.3,-1.12E-02,M323A,
D1,41.4,9.50E-03,M323A,
E1,38.6,6.68E-02,M323A,
F1,35.7,6.93E-02,M323A,
G1,32.9,7.59E-02,M323A,
H1,30.0,7.24E-02,M323A,
A2,50.0,-8.73E-03,M323A,
B2,47.1,-1.56E-02,M323A,
C2,44.3,-1.33E-02,M323A,
D2,41.4,-1.28E-02,M323A,
E2,38.6,6.68E-02,M323A,
F2,35.7,7.30E-02,M323A,
G2,32.9,6.89E-02,M323A,
H2,30.0,6.73E-02,M323A,
A3,50.0,-9.52E-03,M323A,
B3,47.1,-1.37E-02,M323A,
C3,44.3,-1.14E-02,M323A,
D3,41.4,1.11E-02,M323A,
E3,38.6,5.93E-02,M323A,
F3,35.7,6.31E-02,M323A,
G3,32.9,6.88E-02,M323A,
H3,30.0,6.25E-02,M323A,
A4,50.0,-1.03E-02,Q19A,
B4,47.1,-1.30E-02,Q19A,
C4,44.3,-1.62E-02,Q19A,
D4,41.4,-2.65E-03,Q19A,
E4,38.6,-1.43E-02,Q19A,
F4,35.7,-1.33E-02,Q19A,
G4,32.9,-2.30E-02,Q19A,
H4,30.0,3.68E-04,Q19A,
A5,50.0,-2.52E-02,Q19A,
B5,47.1,-1.51E-02,Q19A,
C5,44.3,-6.33E-03,Q19A,
D5,41.4,-1.17E-02,Q19A,
E5,38.6,-2.13E-02,Q19A,
F5,35.7,-1.31E-02,Q19A,
G5,32.9,-1.17E-02,Q19A,
H5,30.0,4.83E-04,Q19A,
A6,50.0,-9.47E-03,Q19A,
B6,47.1,-1.81E-02,Q19A,
C6,44.3,-1.87E-02,Q19A,
D6,41.4,-2.36E-02,Q19A,
E6,38.6,-1.29E-02,Q19A,
F6,35.7,-6.28E-03,Q19A,
G6,32.9,-1.12E-02,Q19A,
H6,30.0,-3.25E-03,Q19A,
A7,50.0,-2.24E-02,R240A,
B7,47.1,-9.15E-03,R240A,
C7,44.3,-1.72E-02,R240A,
D7,41.4,-1.00E-02,R240A,
E7,38.6,8.63E-02,R240A,
F7,35.7,1.21E-01,R240A,
G7,32.9,1.40E-01,R240A,
H7,30.0,1.72E-01,R240A,
A8,50.0,-1.00E-02,R240A,
B8,47.1,-1.76E-02,R240A,
C8,44.3,-2.14E-02,R240A,
D8,41.4,8.61E-03,R240A,
E8,38.6,1.01E-01,R240A,
F8,35.7,1.30E-01,R240A,
G8,32.9,1.25E-01,R240A,
H8,30.0,1.46E-01,R240A,
A9,50.0,-1.48E-02,R240A,
B9,47.1,-2.24E-02,R240A,
C9,44.3,-3.05E-03,R240A,
D9,41.4,6.55E-03,R240A,
E9,38.6,1.16E-01,R240A,
F9,35.7,1.46E-01,R240A,
G9,32.9,1.56E-01,R240A,
H9,30.0,1.20E-01,R240A,
A10,50.0,-8.29E-03,T296A,
B10,47.1,-4.02E-03,T296A,
C10,44.3,-7.58E-04,T296A,
D10,41.4,-1.72E-02,T296A,
E10,38.6,-7.61E-03,T296A,
F10,35.7,-1.20E-02,T296A,
G10,32.9,-6.11E-03,T296A,
H10,30.0,-2.01E-02,T296A,
A11,50.0,-5.58E-03,T296A,
B11,47.1,-5.60E-03,T296A,
C11,44.3,5.32E-04,T296A,
D11,41.4,-3.41E-03,T296A,
E11,38.6,-1.13E-02,T296A,
F11,35.7,-1.93E-02,T296A,
G11,32.9,-1.09E-02,T296A,
H11,30.0,-6.68E-03,T296A,
A12,50.0,-1.04E-02,T296A,
B12,47.1,-1.01E-02,T296A,
C12,44.3,-4.40E-03,T296A,
D12,41.4,-9.12E-03,T296A,
E12,38.6,-9.65E-03,T296A,
F12,35.7,-1.88E-03,T296A,
G12,32.9,1.73E-03,T296A,
H12,30.0,-1.78E-02,T296A,
A1,50.0,1.29E-04,WT1,
B1,47.1,1.44E-04,WT1,
C1,44.3,6.93E-04,WT1,
D1,41.4,6.28E-02,WT1,
E1,38.6,3.07E-01,WT1,
F1,35.7,3.01E-01,WT1,
G1,32.9,3.05E-01,WT1,
H1,30.0,3.43E-01,WT1,
A2,50.0,1.64E-04,WT1,
B2,47.1,1.28E-04,WT1,
C2,44.3,6.59E-04,WT1,
D2,41.4,6.53E-02,WT1,
E2,38.6,2.95E-01,WT1,
F2,35.7,3.14E-01,WT1,
G2,32.9,3.26E-01,WT1,
H2,30.0,3.05E-01,WT1,
A3,50.0,1.04E-04,WT1,
B3,47.1,1.28E-04,WT1,
C3,44.3,6.14E-04,WT1,
D3,41.4,6.45E-02,WT1,
E3,38.6,2.92E-01,WT1,
F3,35.7,3.08E-01,WT1,
G3,32.9,3.44E-01,WT1,
H3,30.0,3.42E-01,WT1,
A4,50.0,-7.45E-05,N293C,
B4,47.1,3.39E-05,N293C,
C4,44.3,4.24E-05,N293C,
D4,41.4,7.39E-04,N293C,
E4,38.6,6.81E-03,N293C,
F4,35.7,7.54E-03,N293C,
G4,32.9,9.02E-03,N293C,
H4,30.0,1.07E-02,N293C,
A5,50.0,4.42E-05,N293C,
B5,47.1,-1.15E-04,N293C,
C5,44.3,-4.30E-05,N293C,
D5,41.4,6.73E-04,N293C,
E5,38.6,7.12E-03,N293C,
F5,35.7,8.91E-03,N293C,
G5,32.9,1.05E-02,N293C,
H5,30.0,1.09E-02,N293C,
A6,50.0,6.06E-05,N293C,
B6,47.1,4.48E-05,N293C,
C6,44.3,-4.36E-05,N293C,
D6,41.4,4.66E-04,N293C,
E6,38.6,6.84E-03,N293C,
F6,35.7,9.48E-03,N293C,
G6,32.9,7.07E-03,N293C,
H6,30.0,6.87E-03,N293C,
A7,50.0,6.57E-04,L362M,
B7,47.1,2.10E-04,L362M,
C7,44.3,1.14E-03,L362M,
D7,41.4,7.40E-02,L362M,
E7,38.6,2.62E-01,L362M,
F7,35.7,3.11E-01,L362M,
G7,32.9,3.50E-01,L362M,
H7,30.0,3.54E-01,L362M,
A8,50.0,2.01E-04,L362M,
B8,47.1,2.28E-04,L362M,
C8,44.3,9.85E-04,L362M,
D8,41.4,1.09E-01,L362M,
E8,38.6,2.91E-01,L362M,
F8,35.7,3.00E-01,L362M,
G8,32.9,3.45E-01,L362M,
H8,30.0,3.47E-01,L362M,
A9,50.0,1.20E-04,L362M,
B9,47.1,2.38E-04,L362M,
C9,44.3,1.18E-03,L362M,
D9,41.4,1.04E-01,L362M,
E9,38.6,2.75E-01,L362M,
F9,35.7,2.85E-01,L362M,
G9,32.9,3.36E-01,L362M,
H9,30.0,3.68E-01,L362M,
A10,50.0,4.97E-05,F415N,
B10,47.1,-7.33E-05,F415N,
C10,44.3,-4.61E-05,F415N,
D10,41.4,1.16E-04,F415N,
E10,38.6,2.22E-04,F415N,
F10,35.7,2.61E-04,F415N,
G10,32.9,1.99E-04,F415N,
H10,30.0,2.19E-04,F415N,
A11,50.0,5.76E-05,F415N,
B11,47.1,7.52E-05,F415N,
C11,44.3,4.12E-05,F415N,
D11,41.4,9.82E-05,F415N,
E11,38.6,2.30E-04,F415N,
F11,35.7,2.38E-04,F415N,
G11,32.9,2.62E-04,F415N,
H11,30.0,2.13E-04,F415N,
A12,50.0,1.07E-04,F415N,
B12,47.1,7.88E-05,F415N,
C12,44.3,2.53E-04,F415N,
D12,41.4,6.00E-05,F415N,
E12,38.6,2.26E-04,F415N,
F12,35.7,2.35E-04,F415N,
G12,32.9,2.14E-04,F415N,
H12,30.0,2.13E-04,F415N,
A1,50.0,-1.18E-04,N293Q,
B1,47.1,-3.45E-05,N293Q,
C1,44.3,2.55E-05,N293Q,
D1,41.4,1.22E-04,N293Q,
E1,38.6,1.93E-03,N293Q,
F1,35.7,2.83E-03,N293Q,
G1,32.9,3.05E-03,N293Q,
H1,30.0,3.00E-03,N293Q,
A2,50.0,-9.21E-05,N293Q,
B2,47.1,-3.15E-05,N293Q,
C2,44.3,3.58E-05,N293Q,
D2,41.4,1.05E-04,N293Q,
E2,38.6,1.92E-03,N293Q,
F2,35.7,2.87E-03,N293Q,
G2,32.9,2.89E-03,N293Q,
H2,30.0,2.83E-03,N293Q,
A3,50.0,-5.39E-05,N293Q,
B3,47.1,-2.24E-05,N293Q,
C3,44.3,-2.85E-05,N293Q,
D3,41.4,1.28E-04,N293Q,
E3,38.6,1.80E-03,N293Q,
F3,35.7,2.70E-03,N293Q,
G3,32.9,2.68E-03,N293Q,
H3,30.0,2.47E-03,N293Q,
A4,50.0,2.76E-04,N220Y,
B4,47.1,1.91E-03,N220Y,
C4,44.3,1.13E-02,N220Y,
D4,41.4,1.78E-01,N220Y,
E4,38.6,?????,N220Y,
F4,35.7,?????,N220Y,
G4,32.9,?????,N220Y,
H4,30.0,?????,N220Y,
A5,50.0,3.30E-04,N220Y,
B5,47.1,1.76E-03,N220Y,
C5,44.3,9.72E-03,N220Y,
D5,41.4,1.63E-01,N220Y,
E5,38.6,3.12E-01,N220Y,
F5,35.7,?????,N220Y,
G5,32.9,?????,N220Y,
H5,30.0,?????,N220Y,
A6,50.0,3.15E-04,N220Y,
B6,47.1,1.48E-03,N220Y,
C6,44.3,8.05E-03,N220Y,
D6,41.4,1.54E-01,N220Y,
E6,38.6,?????,N220Y,
F6,35.7,?????,N220Y,
G6,32.9,?????,N220Y,
H6,30.0,?????,N220Y,
A7,50.0,1.25E-04,W409Y,
B7,47.1,2.64E-04,W409Y,
C7,44.3,7.33E-04,W409Y,
D7,41.4,9.77E-02,W409Y,
E7,38.6,?????,W409Y,
F7,35.7,?????,W409Y,
G7,32.9,?????,W409Y,
H7,30.0,?????,W409Y,
A8,50.0,1.22E-04,W409Y,
B8,47.1,2.45E-04,W409Y,
C8,44.3,1.06E-03,W409Y,
D8,41.4,1.23E-01,W409Y,
E8,38.6,?????,W409Y,
F8,35.7,?????,W409Y,
G8,32.9,?????,W409Y,
H8,30.0,?????,W409Y,
A9,50.0,1.15E-04,W409Y,
B9,47.1,2.98E-04,W409Y,
C9,44.3,9.00E-04,W409Y,
D9,41.4,1.26E-01,W409Y,
E9,38.6,?????,W409Y,
F9,35.7,?????,W409Y,
G9,32.9,?????,W409Y,
H9,30.0,?????,W409Y,
A10,50.0,5.21E-05,W399R,
B10,47.1,-2.61E-05,W399R,
C10,44.3,2.67E-05,W399R,
D10,41.4,8.12E-05,W399R,
E10,38.6,4.18E-05,W399R,
F10,35.7,1.16E-04,W399R,
G10,32.9,1.38E-04,W399R,
H10,30.0,-1.39E-04,W399R,
A11,50.0,4.48E-05,W399R,
B11,47.1,5.03E-05,W399R,
C11,44.3,3.52E-05,W399R,
D11,41.4,7.39E-05,W399R,
E11,38.6,5.52E-05,W399R,
F11,35.7,5.15E-05,W399R,
G11,32.9,4.12E-05,W399R,
H11,30.0,6.24E-05,W399R,
A12,50.0,-6.06E-05,W399R,
B12,47.1,6.18E-05,W399R,
C12,44.3,5.03E-05,W399R,
D12,41.4,6.61E-05,W399R,
E12,38.6,3.82E-05,W399R,
F12,35.7,4.91E-05,W399R,
G12,32.9,5.15E-05,W399R,
H12,30.0,1.75E-04,W399R,
A1,50.0,4.12E-05,N220R,
B1,47.1,5.21E-05,N220R,
C1,44.3,5.33E-05,N220R,
D1,41.4,9.30E-04,N220R,
E1,38.6,3.93E-03,N220R,
F1,35.7,5.28E-03,N220R,
G1,32.9,4.88E-03,N220R,
H1,30.0,3.14E-03,N220R,
A2,50.0,9.70E-05,N220R,
B2,47.1,-7.82E-05,N220R,
C2,44.3,6.30E-05,N220R,
D2,41.4,9.39E-04,N220R,
E2,38.6,3.42E-03,N220R,
F2,35.7,5.40E-03,N220R,
G2,32.9,4.34E-03,N220R,
H2,30.0,5.23E-03,N220R,
A3,50.0,5.15E-05,N220R,
B3,47.1,5.45E-05,N220R,
C3,44.3,3.76E-05,N220R,
D3,41.4,1.19E-03,N220R,
E3,38.6,3.26E-03,N220R,
F3,35.7,4.37E-03,N220R,
G3,32.9,4.72E-03,N220R,
H3,30.0,4.41E-03,N220R,
A4,50.0,9.82E-05,Y294F,
B4,47.1,1.79E-04,Y294F,
C4,44.3,1.28E-03,Y294F,
D4,41.4,1.42E-01,Y294F,
E4,38.6,3.47E-01,Y294F,
F4,35.7,3.37E-01,Y294F,
G4,32.9,3.33E-01,Y294F,
H4,30.0,3.69E-01,Y294F,
A5,50.0,1.26E-04,Y294F,
B5,47.1,1.98E-04,Y294F,
C5,44.3,8.24E-04,Y294F,
D5,41.4,1.14E-01,Y294F,
E5,38.6,3.50E-01,Y294F,
F5,35.7,3.35E-01,Y294F,
G5,32.9,3.51E-01,Y294F,
H5,30.0,3.72E-01,Y294F,
A6,50.0,1.38E-04,Y294F,
B6,47.1,1.58E-04,Y294F,
C6,44.3,8.85E-04,Y294F,
D6,41.4,9.46E-02,Y294F,
E6,38.6,3.37E-01,Y294F,
F6,35.7,3.56E-01,Y294F,
G6,32.9,3.39E-01,Y294F,
H6,30.0,3.67E-01,Y294F,
,,,,
,,,,
A1,50.0,-6.30E-05,WT,
B1,47.1,-6.12E-05,WT,
C1,44.3,4.37E-04,WT,
D1,41.4,8.82E-03,WT,
E1,38.6,3.41E-02,WT,
F1,35.7,3.75E-02,WT,
G1,32.9,3.93E-02,WT,
H1,30.0,3.08E-02,WT,
A2,50.0,-4.61E-05,WT,
B2,47.1,4.42E-05,WT,
C2,44.3,3.93E-04,WT,
D2,41.4,8.68E-03,WT,
E2,38.6,3.16E-02,WT,
F2,35.7,3.72E-02,WT,
G2,32.9,4.16E-02,WT,
H2,30.0,3.30E-02,WT,
A3,50.0,5.39E-05,WT,
B3,47.1,7.21E-05,WT,
C3,44.3,3.93E-04,WT,
D3,41.4,8.94E-03,WT,
E3,38.6,3.13E-02,WT,
F3,35.7,3.87E-02,WT,
G3,32.9,4.01E-02,WT,
H3,30.0,3.64E-02,WT,
A4,50.0,-8.79E-05,N223H,
B4,47.1,6.24E-05,N223H,
C4,44.3,7.64E-05,N223H,
D4,41.4,6.44E-04,N223H,
E4,38.6,2.92E-03,N223H,
F4,35.7,6.33E-03,N223H,
G4,32.9,6.69E-03,N223H,
H4,30.0,4.87E-03,N223H,
A5,50.0,-4.12E-05,N223H,
B5,47.1,3.45E-05,N223H,
C5,44.3,6.79E-05,N223H,
D5,41.4,6.71E-04,N223H,
E5,38.6,5.09E-03,N223H,
F5,35.7,6.53E-03,N223H,
G5,32.9,6.49E-03,N223H,
H5,30.0,4.02E-03,N223H,
A6,50.0,4.48E-05,N223H,
B6,47.1,-5.70E-05,N223H,
C6,44.3,9.70E-05,N223H,
D6,41.4,4.67E-04,N223H,
E6,38.6,5.22E-03,N223H,
F6,35.7,6.59E-03,N223H,
G6,32.9,6.23E-03,N223H,
H6,30.0,4.58E-03,N223H,
A7,50.0,7.88E-04,Y297F,
B7,47.1,7.80E-04,Y297F,
C7,44.3,1.22E-03,Y297F,
D7,41.4,1.80E-02,Y297F,
E7,38.6,1.15E-01,Y297F,
F7,35.7,1.34E-01,Y297F,
G7,32.9,1.30E-01,Y297F,
H7,30.0,1.39E-01,Y297F,
A8,50.0,8.48E-04,Y297F,
B8,47.1,8.63E-04,Y297F,
C8,44.3,1.32E-03,Y297F,
D8,41.4,2.09E-02,Y297F,
E8,38.6,1.10E-01,Y297F,
F8,35.7,1.36E-01,Y297F,
G8,32.9,1.32E-01,Y297F,
H8,30.0,1.16E-01,Y297F,
A9,50.0,7.94E-04,Y297F,
B9,47.1,8.48E-04,Y297F,
C9,44.3,1.30E-03,Y297F,
D9,41.4,2.08E-02,Y297F,
E9,38.6,1.11E-01,Y297F,
F9,35.7,1.28E-01,Y297F,
G9,32.9,1.30E-01,Y297F,
H9,30.0,1.04E-01,Y297F,
A10,50.0,3.88E-05,E180K,
B10,47.1,6.00E-05,E180K,
C10,44.3,9.88E-05,E180K,
D10,41.4,1.19E-03,E180K,
E10,38.6,7.05E-03,E180K,
F10,35.7,9.80E-03,E180K,
G10,32.9,1.38E-02,E180K,
H10,30.0,1.33E-02,E180K,
A11,50.0,-6.79E-05,E180K,
B11,47.1,1.07E-04,E180K,
C11,44.3,9.64E-05,E180K,
D11,41.4,1.60E-03,E180K,
E11,38.6,7.36E-03,E180K,
F11,35.7,1.04E-02,E180K,
G11,32.9,1.32E-02,E180K,
H11,30.0,1.14E-02,E180K,
A12,50.0,-2.55E-03,E180K,
B12,47.1,5.03E-05,E180K,
C12,44.3,1.27E-04,E180K,
D12,41.4,1.32E-03,E180K,
E12,38.6,7.04E-03,E180K,
F12,35.7,9.59E-03,E180K,
G12,32.9,1.31E-02,E180K,
H12,30.0,1.04E-02,E180K,
,,,,
,,,,
A1,50.0,3.70E-05,E180L,
B1,47.1,6.79E-05,E180L,
C1,44.3,1.89E-04,E180L,
D1,41.4,5.56E-03,E180L,
E1,38.6,5.32E-02,E180L,
F1,35.7,7.36E-02,E180L,
G1,32.9,8.00E-02,E180L,
H1,30.0,8.24E-02,E180L,
A2,50.0,3.33E-05,E180L,
B2,47.1,4.00E-05,E180L,
C2,44.3,1.82E-04,E180L,
D2,41.4,5.51E-03,E180L,
E2,38.6,5.98E-02,E180L,
F2,35.7,9.44E-02,E180L,
G2,32.9,8.94E-02,E180L,
H2,30.0,8.75E-02,E180L,
A3,50.0,4.48E-05,E180L,
B3,47.1,7.21E-05,E180L,
C3,44.3,1.88E-04,E180L,
D3,41.4,6.07E-03,E180L,
E3,38.6,5.17E-02,E180L,
F3,35.7,8.96E-02,E180L,
G3,32.9,5.87E-02,E180L,
H3,30.0,8.66E-02,E180L,
A4,50.0,7.45E-05,I300N,
B4,47.1,2.41E-04,I300N,
C4,44.3,1.01E-03,I300N,
D4,41.4,5.69E-03,I300N,
E4,38.6,2.46E-02,I300N,
F4,35.7,3.48E-02,I300N,
G4,32.9,4.64E-02,I300N,
H4,30.0,4.57E-02,I300N,
A5,50.0,7.15E-05,I300N,
B5,47.1,2.39E-04,I300N,
C5,44.3,9.21E-04,I300N,
D5,41.4,6.44E-03,I300N,
E5,38.6,2.15E-02,I300N,
F5,35.7,4.07E-02,I300N,
G5,32.9,4.61E-02,I300N,
H5,30.0,4.86E-02,I300N,
A6,50.0,7.33E-05,I300N,
B6,47.1,2.15E-04,I300N,
C6,44.3,6.76E-04,I300N,
D6,41.4,5.56E-03,I300N,
E6,38.6,2.17E-02,I300N,
F6,35.7,3.64E-02,I300N,
G6,32.9,4.66E-02,I300N,
H6,30.0,4.38E-02,I300N,
A7,50.0,5.76E-05,Q316R,
B7,47.1,6.24E-05,Q316R,
C7,44.3,2.98E-04,Q316R,
D7,41.4,9.35E-03,Q316R,
E7,38.6,4.33E-02,Q316R,
F7,35.7,5.04E-02,Q316R,
G7,32.9,5.76E-02,Q316R,
H7,30.0,5.75E-02,Q316R,
A8,50.0,5.58E-05,Q316R,
B8,47.1,8.42E-05,Q316R,
C8,44.3,3.48E-04,Q316R,
D8,41.4,1.30E-02,Q316R,
E8,38.6,3.39E-02,Q316R,
F8,35.7,5.24E-02,Q316R,
G8,32.9,5.85E-02,Q316R,
H8,30.0,6.09E-02,Q316R,
A9,50.0,6.55E-05,Q316R,
B9,47.1,9.88E-05,Q316R,
C9,44.3,3.80E-04,Q316R,
D9,41.4,1.20E-02,Q316R,
E9,38.6,4.39E-02,Q316R,
F9,35.7,5.88E-02,Q316R,
G9,32.9,6.80E-02,Q316R,
H9,30.0,5.21E-02,Q316R,
,,,,
,,,,
A4,50.0,1.12E-04,K344A,9/19/2015
B4,47.1,2.21E-04,K344A,9/19/2015
C4,44.3,6.10E-04,K344A,9/19/2015
D4,41.4,2.99E-02,K344A,9/19/2015
E4,38.6,3.13E-01,K344A,9/19/2015
F4,35.7,3.23E-01,K344A,9/19/2015
G4,32.9,3.43E-01,K344A,9/19/2015
H4,30.0,3.38E-01,K344A,9/19/2015
A5,50.0,9.39E-05,K344A,9/19/2015
B5,47.1,1.87E-04,K344A,9/19/2015
C5,44.3,5.35E-04,K344A,9/19/2015
D5,41.4,2.73E-02,K344A,9/19/2015
E5,38.6,3.15E-01,K344A,9/19/2015
F5,35.7,3.23E-01,K344A,9/19/2015
G5,32.9,3.35E-01,K344A,9/19/2015
H5,30.0,3.37E-01,K344A,9/19/2015
A6,50.0,1.12E-04,K344A,9/19/2015
B6,47.1,2.27E-04,K344A,9/19/2015
C6,44.3,5.12E-04,K344A,9/19/2015
D6,41.4,2.06E-02,K344A,9/19/2015
E6,38.6,3.13E-01,K344A,9/19/2015
F6,35.7,3.37E-01,K344A,9/19/2015
G6,32.9,3.30E-01,K344A,9/19/2015
H6,30.0,3.42E-01,K344A,9/19/2015
A7,50.0,6.97E-05,W402C,9/19/2015
B7,47.1,-5.21E-05,W402C,9/19/2015
C7,44.3,-1.00E-04,W402C,9/19/2015
D7,41.4,1.20E-04,W402C,9/19/2015
E7,38.6,3.92E-04,W402C,9/19/2015
F7,35.7,3.87E-04,W402C,9/19/2015
G7,32.9,4.02E-04,W402C,9/19/2015
H7,30.0,4.81E-04,W402C,9/19/2015
A8,50.0,8.91E-05,W402C,9/19/2015
B8,47.1,1.59E-04,W402C,9/19/2015
C8,44.3,-1.09E-04,W402C,9/19/2015
D8,41.4,1.56E-04,W402C,9/19/2015
E8,38.6,3.25E-04,W402C,9/19/2015
F8,35.7,3.71E-04,W402C,9/19/2015
G8,32.9,4.24E-04,W402C,9/19/2015
H8,30.0,3.98E-04,W402C,9/19/2015
A9,50.0,-8.73E-05,W402C,9/19/2015
B9,47.1,-6.61E-05,W402C,9/19/2015
C9,44.3,-1.09E-04,W402C,9/19/2015
D9,41.4,1.57E-04,W402C,9/19/2015
E9,38.6,3.87E-04,W402C,9/19/2015
F9,35.7,3.43E-04,W402C,9/19/2015
G9,32.9,3.25E-04,W402C,9/19/2015
H9,30.0,3.19E-04,W402C,9/19/2015
A10,50.0,8.79E-05,M261T,9/19/2015
B10,47.1,1.30E-04,M261T,9/19/2015
C10,44.3,2.39E-04,M261T,9/19/2015
D10,41.4,1.40E-02,M261T,9/19/2015
E10,38.6,2.07E-01,M261T,9/19/2015
F10,35.7,2.25E-01,M261T,9/19/2015
G10,32.9,2.51E-01,M261T,9/19/2015
H10,30.0,2.73E-01,M261T,9/19/2015
A11,50.0,2.13E-04,M261T,9/19/2015
B11,47.1,8.06E-05,M261T,9/19/2015
C11,44.3,2.71E-04,M261T,9/19/2015
D11,41.4,1.12E-02,M261T,9/19/2015
E11,38.6,2.15E-01,M261T,9/19/2015
F11,35.7,2.47E-01,M261T,9/19/2015
G11,32.9,2.52E-01,M261T,9/19/2015
H11,30.0,2.58E-01,M261T,9/19/2015
A12,50.0,1.35E-04,M261T,9/19/2015
B12,47.1,3.15E-04,M261T,9/19/2015
C12,44.3,2.36E-04,M261T,9/19/2015
D12,41.4,1.04E-02,M261T,9/19/2015
E12,38.6,2.25E-01,M261T,9/19/2015
F12,35.7,2.23E-01,M261T,9/19/2015
G12,32.9,2.32E-01,M261T,9/19/2015
H12,30.0,2.66E-01,M261T,9/19/2015
,,,,
,,,,
A1,50.0,0.0,N407C,9/19/2015
B1,47.1,0.0,N407C,9/19/2015
C1,44.3,0.0,N407C,9/19/2015
D1,41.4,0.0,N407C,9/19/2015
E1,38.6,0.0,N407C,9/19/2015
F1,35.7,0.1,N407C,9/19/2015
G1,32.9,4.63E-02,N407C,9/19/2015
H1,30.0,5.05E-02,N407C,9/19/2015
A2,50.0,8.00E-05,N407C,9/19/2015
B2,47.1,1.50E-04,N407C,9/19/2015
C2,44.3,1.16E-03,N407C,9/19/2015
D2,41.4,3.28E-02,N407C,9/19/2015
E2,38.6,4.24E-02,N407C,9/19/2015
F2,35.7,4.72E-02,N407C,9/19/2015
G2,32.9,5.21E-02,N407C,9/19/2015
H2,30.0,5.29E-02,N407C,9/19/2015
A3,50.0,6.00E-05,N407C,9/19/2015
B3,47.1,1.40E-04,N407C,9/19/2015
C3,44.3,1.27E-03,N407C,9/19/2015
D3,41.4,3.92E-02,N407C,9/19/2015
E3,38.6,4.33E-02,N407C,9/19/2015
F3,35.7,4.75E-02,N407C,9/19/2015
G3,32.9,4.85E-02,N407C,9/19/2015
H3,30.0,5.08E-02,N407C,9/19/2015
A4,50.0,8.00E-05,E426S,9/19/2015
B4,47.1,1.60E-04,E426S,9/19/2015
C4,44.3,4.10E-04,E426S,9/19/2015
D4,41.4,2.57E-02,E426S,9/19/2015
E4,38.6,3.60E-01,E426S,9/19/2015
F4,35.7,4.07E-01,E426S,9/19/2015
G4,32.9,4.48E-01,E426S,9/19/2015
H4,30.0,4.58E-01,E426S,9/19/2015
A5,50.0,1.00E-04,E426S,9/19/2015
B5,47.1,1.30E-04,E426S,9/19/2015
C5,44.3,2.30E-04,E426S,9/19/2015
D5,41.4,2.22E-02,E426S,9/19/2015
E5,38.6,3.58E-01,E426S,9/19/2015
F5,35.7,4.40E-01,E426S,9/19/2015
G5,32.9,4.68E-01,E426S,9/19/2015
H5,30.0,4.48E-01,E426S,9/19/2015
A6,50.0,9.00E-05,E426S,9/19/2015
B6,47.1,1.30E-04,E426S,9/19/2015
C6,44.3,3.50E-04,E426S,9/19/2015
D6,41.4,1.63E-02,E426S,9/19/2015
E6,38.6,3.78E-01,E426S,9/19/2015
F6,35.7,4.42E-01,E426S,9/19/2015
G6,32.9,4.52E-01,E426S,9/19/2015
H6,30.0,4.50E-01,E426S,9/19/2015
A7,50.0,1.00E-04,V55G,9/19/2015
B7,47.1,1.50E-04,V55G,9/19/2015
C7,44.3,2.60E-04,V55G,9/19/2015
D7,41.4,1.74E-02,V55G,9/19/2015
E7,38.6,3.12E-01,V55G,9/19/2015
F7,35.7,3.78E-01,V55G,9/19/2015
G7,32.9,4.25E-01,V55G,9/19/2015
H7,30.0,4.41E-01,V55G,9/19/2015
A8,50.0,1.00E-04,V55G,9/19/2015
B8,47.1,1.50E-04,V55G,9/19/2015
C8,44.3,1.70E-04,V55G,9/19/2015
D8,41.4,2.48E-02,V55G,9/19/2015
E8,38.6,3.08E-01,V55G,9/19/2015
F8,35.7,3.87E-01,V55G,9/19/2015
G8,32.9,4.20E-01,V55G,9/19/2015
H8,30.0,4.54E-01,V55G,9/19/2015
A9,50.0,1.10E-04,V55G,9/19/2015
B9,47.1,1.50E-04,V55G,9/19/2015
C9,44.3,3.60E-04,V55G,9/19/2015
D9,41.4,2.48E-02,V55G,9/19/2015
E9,38.6,3.09E-01,V55G,9/19/2015
F9,35.7,3.81E-01,V55G,9/19/2015
G9,32.9,4.28E-01,V55G,9/19/2015
H9,30.0,4.22E-01,V55G,9/19/2015
A10,50.0,-4.00E-05,W328C,9/19/2015
B10,47.1,7.00E-05,W328C,9/19/2015
C10,44.3,-1.80E-04,W328C,9/19/2015
D10,41.4,1.70E-03,W328C,9/19/2015
E10,38.6,1.16E-02,W328C,9/19/2015
F10,35.7,1.44E-02,W328C,9/19/2015
G10,32.9,1.54E-02,W328C,9/19/2015
H10,30.0,1.82E-02,W328C,9/19/2015
A11,50.0,-1.30E-04,W328C,9/19/2015
B11,47.1,7.00E-05,W328C,9/19/2015
C11,44.3,-5.00E-05,W328C,9/19/2015
D11,41.4,1.28E-03,W328C,9/19/2015
E11,38.6,1.17E-02,W328C,9/19/2015
F11,35.7,1.60E-02,W328C,9/19/2015
G11,32.9,1.65E-02,W328C,9/19/2015
H11,30.0,1.60E-02,W328C,9/19/2015
A12,50.0,6.00E-05,W328C,9/19/2015
B12,47.1,-9.00E-05,W328C,9/19/2015
C12,44.3,1.00E-04,W328C,9/19/2015
D12,41.4,1.29E-03,W328C,9/19/2015
E12,38.6,1.27E-02,W328C,9/19/2015
F12,35.7,1.78E-02,W328C,9/19/2015
G12,32.9,1.58E-02,W328C,9/19/2015
H12,30.0,1.53E-02,W328C,9/19/2015
,,,,
,,,,
A1,50.0,8.00E-05,N166D,9/19/2015
B1,47.1,8.00E-05,N166D,9/19/2015
C1,44.3,1.10E-04,N166D,9/19/2015
D1,41.4,2.90E-04,N166D,9/19/2015
E1,38.6,2.48E-03,N166D,9/19/2015
F1,35.7,3.01E-03,N166D,9/19/2015
G1,32.9,3.15E-03,N166D,9/19/2015
H1,30.0,4.36E-03,N166D,9/19/2015
A2,50.0,1.00E-04,N166D,9/19/2015
B2,47.1,1.00E-04,N166D,9/19/2015
C2,44.3,8.00E-05,N166D,9/19/2015
D2,41.4,6.20E-04,N166D,9/19/2015
E2,38.6,2.27E-03,N166D,9/19/2015
F2,35.7,3.04E-03,N166D,9/19/2015
G2,32.9,3.35E-03,N166D,9/19/2015
H2,30.0,4.90E-03,N166D,9/19/2015
A3,50.0,8.00E-05,N166D,9/19/2015
B3,47.1,9.00E-05,N166D,9/19/2015
C3,44.3,1.00E-04,N166D,9/19/2015
D3,41.4,3.30E-04,N166D,9/19/2015
E3,38.6,2.39E-03,N166D,9/19/2015
F3,35.7,3.06E-03,N166D,9/19/2015
G3,32.9,4.04E-03,N166D,9/19/2015
H3,30.0,4.27E-03,N166D,9/19/2015
A4,50.0,1.60E-04,H101R,9/19/2015
B4,47.1,3.70E-04,H101R,9/19/2015
C4,44.3,1.09E-03,H101R,9/19/2015
D4,41.4,1.48E-01,H101R,9/19/2015
E4,38.6,4.54E-01,H101R,9/19/2015
F4,35.7,5.05E-01,H101R,9/19/2015
G4,32.9,5.70E-01,H101R,9/19/2015
H4,30.0,5.56E-01,H101R,9/19/2015
A5,50.0,1.60E-04,H101R,9/19/2015
B5,47.1,2.30E-04,H101R,9/19/2015
C5,44.3,1.00E-03,H101R,9/19/2015
D5,41.4,1.16E-01,H101R,9/19/2015
E5,38.6,4.70E-01,H101R,9/19/2015
F5,35.7,5.06E-01,H101R,9/19/2015
G5,32.9,5.38E-01,H101R,9/19/2015
H5,30.0,5.53E-01,H101R,9/19/2015
A6,50.0,2.10E-04,H101R,9/19/2015
B6,47.1,2.60E-04,H101R,9/19/2015
C6,44.3,9.10E-04,H101R,9/19/2015
D6,41.4,9.06E-02,H101R,9/19/2015
E6,38.6,4.51E-01,H101R,9/19/2015
F6,35.7,5.18E-01,H101R,9/19/2015
G6,32.9,5.27E-01,H101R,9/19/2015
H6,30.0,5.20E-01,H101R,9/19/2015
A7,50.0,1.00E-04,H379T,9/19/2015
B7,47.1,2.60E-04,H379T,9/19/2015
C7,44.3,-1.00E-04,H379T,9/19/2015
D7,41.4,1.20E-04,H379T,9/19/2015
E7,38.6,2.40E-04,H379T,9/19/2015
F7,35.7,1.40E-04,H379T,9/19/2015
G7,32.9,1.30E-04,H379T,9/19/2015
H7,30.0,2.00E-04,H379T,9/19/2015
A8,50.0,2.70E-04,H379T,9/19/2015
B8,47.1,1.90E-04,H379T,9/19/2015
C8,44.3,1.40E-04,H379T,9/19/2015
D8,41.4,2.30E-04,H379T,9/19/2015
E8,38.6,1.10E-04,H379T,9/19/2015
F8,35.7,1.40E-04,H379T,9/19/2015
G8,32.9,1.50E-04,H379T,9/19/2015
H8,30.0,1.70E-04,H379T,9/19/2015
A9,50.0,-1.50E-04,H379T,9/19/2015
B9,47.1,4.30E-04,H379T,9/19/2015
C9,44.3,1.20E-04,H379T,9/19/2015
D9,41.4,1.00E-04,H379T,9/19/2015
E9,38.6,2.60E-04,H379T,9/19/2015
F9,35.7,1.40E-04,H379T,9/19/2015
G9,32.9,9.40E-04,H379T,9/19/2015
H9,30.0,1.10E-04,H379T,9/19/2015
A10,50.0,2.10E-04,M261D,9/19/2015
B10,47.1,-4.20E-04,M261D,9/19/2015
C10,44.3,1.40E-04,M261D,9/19/2015
D10,41.4,1.90E-04,M261D,9/19/2015
E10,38.6,-3.30E-04,M261D,9/19/2015
F10,35.7,1.30E-04,M261D,9/19/2015
G10,32.9,-6.70E-04,M261D,9/19/2015
H10,30.0,4.40E-04,M261D,9/19/2015
A11,50.0,2.40E-04,M261D,9/19/2015
B11,47.1,-3.40E-04,M261D,9/19/2015
C11,44.3,1.60E-04,M261D,9/19/2015
D11,41.4,3.50E-04,M261D,9/19/2015
E11,38.6,2.30E-04,M261D,9/19/2015
F11,35.7,1.60E-04,M261D,9/19/2015
G11,32.9,2.80E-04,M261D,9/19/2015
H11,30.0,5.40E-04,M261D,9/19/2015
A12,50.0,2.40E-04,M261D,9/19/2015
B12,47.1,-1.00E-04,M261D,9/19/2015
C12,44.3,-1.70E-04,M261D,9/19/2015
D12,41.4,-1.80E-04,M261D,9/19/2015
E12,38.6,-3.50E-04,M261D,9/19/2015
F12,35.7,1.10E-04,M261D,9/19/2015
G12,32.9,2.60E-04,M261D,9/19/2015
H12,30.0,4.00E-04,M261D,9/19/2015
,,,,
,,,,
A4,50.0,1.30E-04,H373R,9/26/2015
B4,47.1,8.00E-05,H373R,9/26/2015
C4,44.3,2.10E-04,H373R,9/26/2015
D4,41.4,4.07E-03,H373R,9/26/2015
E4,38.6,1.14E-01,H373R,9/26/2015
F4,35.7,1.60E-01,H373R,9/26/2015
G4,32.9,1.62E-01,H373R,9/26/2015
H4,30.0,1.16E-01,H373R,9/26/2015
A5,50.0,-1.30E-04,H373R,9/26/2015
B5,47.1,1.30E-04,H373R,9/26/2015
C5,44.3,1.80E-04,H373R,9/26/2015
D5,41.4,3.55E-03,H373R,9/26/2015
E5,38.6,1.10E-01,H373R,9/26/2015
F5,35.7,1.36E-01,H373R,9/26/2015
G5,32.9,1.73E-01,H373R,9/26/2015
H5,30.0,1.35E-01,H373R,9/26/2015
A6,50.0,7.00E-05,H373R,9/26/2015
B6,47.1,8.00E-05,H373R,9/26/2015
C6,44.3,2.30E-04,H373R,9/26/2015
D6,41.4,3.14E-03,H373R,9/26/2015
E6,38.6,1.44E-01,H373R,9/26/2015
F6,35.7,1.32E-01,H373R,9/26/2015
G6,32.9,1.82E-01,H373R,9/26/2015
H6,30.0,1.50E-01,H373R,9/26/2015
A7,50.0,7.00E-05,E154D,9/26/2015
B7,47.1,-8.00E-05,E154D,9/26/2015
C7,44.3,1.50E-04,E154D,9/26/2015
D7,41.4,1.97E-03,E154D,9/26/2015
E7,38.6,1.70E-02,E154D,9/26/2015
F7,35.7,2.50E-02,E154D,9/26/2015
G7,32.9,2.94E-02,E154D,9/26/2015
H7,30.0,1.44E-02,E154D,9/26/2015
A8,50.0,-1.30E-04,E154D,9/26/2015
B8,47.1,1.10E-04,E154D,9/26/2015
C8,44.3,2.70E-04,E154D,9/26/2015
D8,41.4,2.29E-03,E154D,9/26/2015
E8,38.6,1.71E-02,E154D,9/26/2015
F8,35.7,2.33E-02,E154D,9/26/2015
G8,32.9,2.93E-02,E154D,9/26/2015
H8,30.0,2.39E-02,E154D,9/26/2015
A9,50.0,1.00E-04,E154D,9/26/2015
B9,47.1,8.00E-05,E154D,9/26/2015
C9,44.3,-7.80E-04,E154D,9/26/2015
D9,41.4,2.50E-03,E154D,9/26/2015
E9,38.6,1.55E-02,E154D,9/26/2015
F9,35.7,2.61E-02,E154D,9/26/2015
G9,32.9,2.72E-02,E154D,9/26/2015
H9,30.0,2.60E-02,E154D,9/26/2015
A10,50.0,9.00E-05,H379R,9/26/2015
B10,47.1,-1.00E-04,H379R,9/26/2015
C10,44.3,-1.60E-04,H379R,9/26/2015
D10,41.4,9.00E-05,H379R,9/26/2015
E10,38.6,6.00E-05,H379R,9/26/2015
F10,35.7,-8.00E-05,H379R,9/26/2015
G10,32.9,-2.10E-04,H379R,9/26/2015
H10,30.0,-9.00E-05,H379R,9/26/2015
A11,50.0,-1.10E-04,H379R,9/26/2015
B11,47.1,-1.10E-04,H379R,9/26/2015
C11,44.3,8.00E-05,H379R,9/26/2015
D11,41.4,8.00E-05,H379R,9/26/2015
E11,38.6,-1.90E-04,H379R,9/26/2015
F11,35.7,-8.00E-05,H379R,9/26/2015
G11,32.9,-3.03E-03,H379R,9/26/2015
H11,30.0,-1.40E-04,H379R,9/26/2015
A12,50.0,-8.00E-05,H379R,9/26/2015
B12,47.1,1.30E-04,H379R,9/26/2015
C12,44.3,-1.00E-04,H379R,9/26/2015
D12,41.4,-8.00E-05,H379R,9/26/2015
E12,38.6,-1.50E-04,H379R,9/26/2015
F12,35.7,9.00E-05,H379R,9/26/2015
G12,32.9,-1.10E-04,H379R,9/26/2015
H12,30.0,-8.00E-05,H379R,9/26/2015
,,,,
,,,,
A1,50.0,1.00E-04,A356A,9/26/2015
B1,47.1,1.90E-04,A356A,9/26/2015
C1,44.3,6.80E-04,A356A,9/26/2015
D1,41.4,5.77E-02,A356A,9/26/2015
E1,38.6,3.62E-01,A356A,9/26/2015
F1,35.7,4.37E-01,A356A,9/26/2015
G1,32.9,4.21E-01,A356A,9/26/2015
H1,30.0,4.35E-01,A356A,9/26/2015
A2,50.0,9.00E-05,A356A,9/26/2015
B2,47.1,1.50E-04,A356A,9/26/2015
C2,44.3,6.20E-04,A356A,9/26/2015
D2,41.4,5.82E-02,A356A,9/26/2015
E2,38.6,3.55E-01,A356A,9/26/2015
F2,35.7,3.88E-01,A356A,9/26/2015
G2,32.9,4.03E-01,A356A,9/26/2015
H2,30.0,4.19E-01,A356A,9/26/2015
A3,50.0,1.00E-04,A356A,9/26/2015
B3,47.1,1.60E-04,A356A,9/26/2015
C3,44.3,6.90E-04,A356A,9/26/2015
D3,41.4,6.94E-02,A356A,9/26/2015
E3,38.6,3.58E-01,A356A,9/26/2015
F3,35.7,3.67E-01,A356A,9/26/2015
G3,32.9,3.97E-01,A356A,9/26/2015
H3,30.0,4.08E-01,A356A,9/26/2015
A4,50.0,8.00E-05,E177A,9/26/2015
B4,47.1,-8.00E-05,E177A,9/26/2015
C4,44.3,1.80E-04,E177A,9/26/2015
D4,41.4,3.93E-03,E177A,9/26/2015
E4,38.6,8.43E-02,E177A,9/26/2015
F4,35.7,9.34E-02,E177A,9/26/2015
G4,32.9,1.76E-01,E177A,9/26/2015
H4,30.0,1.95E-01,E177A,9/26/2015
A5,50.0,-1.00E-04,E177A,9/26/2015
B5,47.1,-8.00E-05,E177A,9/26/2015
C5,44.3,1.70E-04,E177A,9/26/2015
D5,41.4,3.72E-03,E177A,9/26/2015
E5,38.6,8.75E-02,E177A,9/26/2015
F5,35.7,1.49E-01,E177A,9/26/2015
G5,32.9,1.70E-01,E177A,9/26/2015
H5,30.0,1.98E-01,E177A,9/26/2015
A6,50.0,7.80E-04,E177A,9/26/2015
B6,47.1,1.00E-04,E177A,9/26/2015
C6,44.3,2.40E-04,E177A,9/26/2015
D6,41.4,2.93E-03,E177A,9/26/2015
E6,38.6,8.85E-02,E177A,9/26/2015
F6,35.7,1.45E-01,E177A,9/26/2015
G6,32.9,1.68E-01,E177A,9/26/2015
H6,30.0,1.81E-01,E177A,9/26/2015
A7,50.0,1.10E-04,A408A,9/26/2015
B7,47.1,1.70E-04,A408A,9/26/2015
C7,44.3,5.90E-04,A408A,9/26/2015
D7,41.4,5.15E-02,A408A,9/26/2015
E7,38.6,3.77E-01,A408A,9/26/2015
F7,35.7,4.28E-01,A408A,9/26/2015
G7,32.9,4.31E-01,A408A,9/26/2015
H7,30.0,3.94E-01,A408A,9/26/2015
A8,50.0,1.00E-04,A408A,9/26/2015
B8,47.1,1.90E-04,A408A,9/26/2015
C8,44.3,6.30E-04,A408A,9/26/2015
D8,41.4,6.26E-02,A408A,9/26/2015
E8,38.6,4.08E-01,A408A,9/26/2015
F8,35.7,4.00E-01,A408A,9/26/2015
G8,32.9,4.49E-01,A408A,9/26/2015
H8,30.0,4.42E-01,A408A,9/26/2015
A9,50.0,-1.30E-04,A408A,9/26/2015
B9,47.1,1.70E-04,A408A,9/26/2015
C9,44.3,6.80E-04,A408A,9/26/2015
D9,41.4,6.16E-02,A408A,9/26/2015
E9,38.6,3.79E-01,A408A,9/26/2015
F9,35.7,4.23E-01,A408A,9/26/2015
G9,32.9,4.45E-01,A408A,9/26/2015
H9,30.0,4.55E-01,A408A,9/26/2015
A10,50.0,-1.10E-04,D403A,9/26/2015
B10,47.1,-6.00E-05,D403A,9/26/2015
C10,44.3,-8.00E-05,D403A,9/26/2015
D10,41.4,-5.00E-05,D403A,9/26/2015
E10,38.6,-7.00E-05,D403A,9/26/2015
F10,35.7,-1.10E-04,D403A,9/26/2015
G10,32.9,6.00E-05,D403A,9/26/2015
H10,30.0,5.00E-05,D403A,9/26/2015
A11,50.0,7.00E-05,D403A,9/26/2015
B11,47.1,-9.00E-05,D403A,9/26/2015
C11,44.3,-9.00E-05,D403A,9/26/2015
D11,41.4,-9.00E-05,D403A,9/26/2015
E11,38.6,-8.00E-05,D403A,9/26/2015
F11,35.7,-5.00E-05,D403A,9/26/2015
G11,32.9,-5.00E-05,D403A,9/26/2015
H11,30.0,-7.00E-05,D403A,9/26/2015
A12,50.0,9.00E-05,D403A,9/26/2015
B12,47.1,-5.00E-05,D403A,9/26/2015
C12,44.3,-6.00E-05,D403A,9/26/2015
D12,41.4,-6.00E-05,D403A,9/26/2015
E12,38.6,-6.00E-05,D403A,9/26/2015
F12,35.7,-8.00E-05,D403A,9/26/2015
G12,32.9,1.00E-04,D403A,9/26/2015
H12,30.0,6.00E-05,D403A,9/26/2015
,,,,
,,,,
A1,50.0,1.20E-04,S334A,10/2/2015
B1,47.1,1.30E-04,S334A,10/2/2015
C1,44.3,4.60E-04,S334A,10/2/2015
D1,41.4,9.49E-03,S334A,10/2/2015
E1,38.6,3.23E-02,S334A,10/2/2015
F1,35.7,2.96E-02,S334A,10/2/2015
G1,32.9,5.07E-02,S334A,10/2/2015
H1,30.0,4.20E-02,S334A,10/2/2015
A2,50.0,9.00E-05,S334A,10/2/2015
B2,47.1,1.70E-04,S334A,10/2/2015
C2,44.3,4.90E-04,S334A,10/2/2015
D2,41.4,9.94E-03,S334A,10/2/2015
E2,38.6,2.58E-02,S334A,10/2/2015
F2,35.7,4.14E-02,S334A,10/2/2015
G2,32.9,4.62E-02,S334A,10/2/2015
H2,30.0,3.96E-02,S334A,10/2/2015
A3,50.0,9.00E-05,S334A,10/2/2015
B3,47.1,2.10E-04,S334A,10/2/2015
C3,44.3,7.80E-04,S334A,10/2/2015
D3,41.4,1.31E-02,S334A,10/2/2015
E3,38.6,3.84E-02,S334A,10/2/2015
F3,35.7,4.27E-02,S334A,10/2/2015
G3,32.9,4.88E-02,S334A,10/2/2015
H3,30.0,3.85E-02,S334A,10/2/2015
A4,50.0,1.30E-04,A195S,10/2/2015
B4,47.1,8.00E-05,A195S,10/2/2015
C4,44.3,2.10E-04,A195S,10/2/2015
D4,41.4,4.07E-03,A195S,10/2/2015
E4,38.6,1.14E-01,A195S,10/2/2015
F4,35.7,1.60E-01,A195S,10/2/2015
G4,32.9,1.62E-01,A195S,10/2/2015
H4,30.0,1.16E-01,A195S,10/2/2015
A5,50.0,-1.30E-04,A195S,10/2/2015
B5,47.1,1.30E-04,A195S,10/2/2015
C5,44.3,1.80E-04,A195S,10/2/2015
D5,41.4,3.55E-03,A195S,10/2/2015
E5,38.6,1.10E-01,A195S,10/2/2015
F5,35.7,1.36E-01,A195S,10/2/2015
G5,32.9,1.73E-01,A195S,10/2/2015
H5,30.0,1.35E-01,A195S,10/2/2015
A6,50.0,7.00E-05,A195S,10/2/2015
B6,47.1,8.00E-05,A195S,10/2/2015
C6,44.3,2.30E-04,A195S,10/2/2015
D6,41.4,3.14E-03,A195S,10/2/2015
E6,38.6,1.44E-01,A195S,10/2/2015
F6,35.7,1.32E-01,A195S,10/2/2015
G6,32.9,1.82E-01,A195S,10/2/2015
H6,30.0,1.50E-01,A195S,10/2/2015
A7,50.0,7.00E-05,L174R,10/2/2015
B7,47.1,-8.00E-05,L174R,10/2/2015
C7,44.3,1.50E-04,L174R,10/2/2015
D7,41.4,1.97E-03,L174R,10/2/2015
E7,38.6,1.70E-02,L174R,10/2/2015
F7,35.7,2.50E-02,L174R,10/2/2015
G7,32.9,2.94E-02,L174R,10/2/2015
H7,30.0,1.44E-02,L174R,10/2/2015
A8,50.0,-1.30E-04,L174R,10/2/2015
B8,47.1,1.10E-04,L174R,10/2/2015
C8,44.3,2.70E-04,L174R,10/2/2015
D8,41.4,2.29E-03,L174R,10/2/2015
E8,38.6,1.71E-02,L174R,10/2/2015
F8,35.7,2.33E-02,L174R,10/2/2015
G8,32.9,2.93E-02,L174R,10/2/2015
H8,30.0,2.39E-02,L174R,10/2/2015
A9,50.0,1.00E-04,L174R,10/2/2015
B9,47.1,8.00E-05,L174R,10/2/2015
C9,44.3,-7.80E-04,L174R,10/2/2015
D9,41.4,2.50E-03,L174R,10/2/2015
E9,38.6,1.55E-02,L174R,10/2/2015
F9,35.7,2.61E-02,L174R,10/2/2015
G9,32.9,2.72E-02,L174R,10/2/2015
H9,30.0,2.60E-02,L174R,10/2/2015
A10,50.0,9.00E-05,Y169P,10/2/2015
B10,47.1,-1.00E-04,Y169P,10/2/2015
C10,44.3,-1.60E-04,Y169P,10/2/2015
D10,41.4,9.00E-05,Y169P,10/2/2015
E10,38.6,6.00E-05,Y169P,10/2/2015
F10,35.7,-8.00E-05,Y169P,10/2/2015
G10,32.9,-2.10E-04,Y169P,10/2/2015
H10,30.0,-9.00E-05,Y169P,10/2/2015
A11,50.0,-1.10E-04,Y169P,10/2/2015
B11,47.1,-1.10E-04,Y169P,10/2/2015
C11,44.3,8.00E-05,Y169P,10/2/2015
D11,41.4,8.00E-05,Y169P,10/2/2015
E11,38.6,-1.90E-04,Y169P,10/2/2015
F11,35.7,-8.00E-05,Y169P,10/2/2015
G11,32.9,-3.03E-03,Y169P,10/2/2015
H11,30.0,-1.40E-04,Y169P,10/2/2015
A12,50.0,-8.00E-05,Y169P,10/2/2015
B12,47.1,1.30E-04,Y169P,10/2/2015
C12,44.3,-1.00E-04,Y169P,10/2/2015
D12,41.4,-8.00E-05,Y169P,10/2/2015
E12,38.6,-1.50E-04,Y169P,10/2/2015
F12,35.7,9.00E-05,Y169P,10/2/2015
G12,32.9,-1.10E-04,Y169P,10/2/2015
H12,30.0,-8.00E-05,Y169P,10/2/2015
,,,,
A1,50.0,2.00E-04,W328L,10/2/2015
B1,47.1,4.60E-04,W328L,10/2/2015
C1,44.3,1.20E-04,W328L,10/2/2015
D1,41.4,1.68E-03,W328L,10/2/2015
E1,38.6,3.62E-03,W328L,10/2/2015
F1,35.7,4.98E-03,W328L,10/2/2015
G1,32.9,5.55E-03,W328L,10/2/2015
H1,30.0,3.49E-03,W328L,10/2/2015
A2,50.0,2.30E-04,W328L,10/2/2015
B2,47.1,4.60E-04,W328L,10/2/2015
C2,44.3,2.20E-04,W328L,10/2/2015
D2,41.4,1.40E-03,W328L,10/2/2015
E2,38.6,3.89E-03,W328L,10/2/2015
F2,35.7,5.23E-03,W328L,10/2/2015
G2,32.9,7.20E-03,W328L,10/2/2015
H2,30.0,5.14E-03,W328L,10/2/2015
A3,50.0,-2.10E-04,W328L,10/2/2015
B3,47.1,1.70E-04,W328L,10/2/2015
C3,44.3,4.70E-04,W328L,10/2/2015
D3,41.4,2.19E-03,W328L,10/2/2015
E3,38.6,4.36E-03,W328L,10/2/2015
F3,35.7,4.79E-03,W328L,10/2/2015
G3,32.9,7.06E-03,W328L,10/2/2015
H3,30.0,5.53E-03,W328L,10/2/2015
A4,50.0,-1.30E-04,Q22S,10/2/2015
B4,47.1,2.20E-04,Q22S,10/2/2015
C4,44.3,3.80E-04,Q22S,10/2/2015
D4,41.4,2.01E-03,Q22S,10/2/2015
E4,38.6,7.71E-03,Q22S,10/2/2015
F4,35.7,1.61E-02,Q22S,10/2/2015
G4,32.9,2.69E-02,Q22S,10/2/2015
H4,30.0,2.22E-02,Q22S,10/2/2015
A5,50.0,8.00E-05,Q22S,10/2/2015
B5,47.1,-2.30E-04,Q22S,10/2/2015
C5,44.3,4.50E-04,Q22S,10/2/2015
D5,41.4,1.90E-03,Q22S,10/2/2015
E5,38.6,5.69E-03,Q22S,10/2/2015
F5,35.7,1.52E-02,Q22S,10/2/2015
G5,32.9,2.43E-02,Q22S,10/2/2015
H5,30.0,2.31E-02,Q22S,10/2/2015
A6,50.0,1.00E-04,Q22S,10/2/2015
B6,47.1,2.00E-04,Q22S,10/2/2015
C6,44.3,-2.40E-04,Q22S,10/2/2015
D6,41.4,1.54E-03,Q22S,10/2/2015
E6,38.6,8.01E-03,Q22S,10/2/2015
F6,35.7,1.42E-02,Q22S,10/2/2015
G6,32.9,2.42E-02,Q22S,10/2/2015
H6,30.0,2.26E-02,Q22S,10/2/2015
A7,50.0,-2.60E-04,H122N,10/2/2015
B7,47.1,-3.00E-04,H122N,10/2/2015
C7,44.3,2.20E-04,H122N,10/2/2015
D7,41.4,-3.80E-04,H122N,10/2/2015
E7,38.6,3.40E-04,H122N,10/2/2015
F7,35.7,1.60E-04,H122N,10/2/2015
G7,32.9,-2.40E-04,H122N,10/2/2015
H7,30.0,1.50E-04,H122N,10/2/2015
A8,50.0,-2.00E-04,H122N,10/2/2015
B8,47.1,3.10E-04,H122N,10/2/2015
C8,44.3,-3.70E-04,H122N,10/2/2015
D8,41.4,-1.80E-04,H122N,10/2/2015
E8,38.6,-2.90E-04,H122N,10/2/2015
F8,35.7,-2.30E-04,H122N,10/2/2015
G8,32.9,-4.10E-04,H122N,10/2/2015
H8,30.0,-1.10E-04,H122N,10/2/2015
A9,50.0,1.80E-04,H122N,10/2/2015
B9,47.1,-3.80E-04,H122N,10/2/2015
C9,44.3,3.00E-04,H122N,10/2/2015
D9,41.4,-4.40E-04,H122N,10/2/2015
E9,38.6,1.50E-04,H122N,10/2/2015
F9,35.7,-1.90E-04,H122N,10/2/2015
G9,32.9,-2.30E-04,H122N,10/2/2015
H9,30.0,2.90E-04,H122N,10/2/2015
A10,50.0,1.60E-04,N223G,10/2/2015
B10,47.1,-1.40E-04,N223G,10/2/2015
C10,44.3,1.80E-04,N223G,10/2/2015
D10,41.4,4.67E-03,N223G,10/2/2015
E10,38.6,7.45E-03,N223G,10/2/2015
F10,35.7,7.97E-03,N223G,10/2/2015
G10,32.9,1.04E-02,N223G,10/2/2015
H10,30.0,8.08E-03,N223G,10/2/2015
A11,50.0,-5.00E-05,N223G,10/2/2015
B11,47.1,-3.10E-04,N223G,10/2/2015
C11,44.3,2.00E-04,N223G,10/2/2015
D11,41.4,4.75E-03,N223G,10/2/2015
E11,38.6,7.93E-03,N223G,10/2/2015
F11,35.7,9.18E-03,N223G,10/2/2015
G11,32.9,1.24E-02,N223G,10/2/2015
H11,30.0,9.03E-03,N223G,10/2/2015
A12,50.0,9.00E-05,N223G,10/2/2015
B12,47.1,-2.50E-04,N223G,10/2/2015
C12,44.3,2.20E-04,N223G,10/2/2015
D12,41.4,5.26E-03,N223G,10/2/2015
E12,38.6,7.08E-03,N223G,10/2/2015
F12,35.7,8.61E-03,N223G,10/2/2015
G12,32.9,1.12E-02,N223G,10/2/2015
H12,30.0,1.15E-03,N223G,10/2/2015
Well,Max V [420],,,
A1,50.0,-1.10E-04,W120A,10/2/2015
B1,47.1,-1.30E-04,W120A,10/2/2015
C1,44.3,8.00E-05,W120A,10/2/2015
D1,41.4,1.40E-04,W120A,10/2/2015
E1,38.6,2.50E-04,W120A,10/2/2015
F1,35.7,3.20E-04,W120A,10/2/2015
G1,32.9,2.90E-04,W120A,10/2/2015
H1,30.0,2.80E-04,W120A,10/2/2015
A2,50.0,1.70E-04,W120A,10/2/2015
B2,47.1,1.40E-04,W120A,10/2/2015
C2,44.3,-1.30E-04,W120A,10/2/2015
D2,41.4,-2.00E-04,W120A,10/2/2015
E2,38.6,2.40E-04,W120A,10/2/2015
F2,35.7,2.70E-04,W120A,10/2/2015
G2,32.9,2.50E-04,W120A,10/2/2015
H2,30.0,3.40E-04,W120A,10/2/2015
A3,50.0,1.30E-04,W120A,10/2/2015
B3,47.1,-8.00E-05,W120A,10/2/2015
C3,44.3,-1.10E-04,W120A,10/2/2015
D3,41.4,-2.30E-04,W120A,10/2/2015
E3,38.6,2.50E-04,W120A,10/2/2015
F3,35.7,2.90E-04,W120A,10/2/2015
G3,32.9,2.50E-04,W120A,10/2/2015
H3,30.0,2.60E-04,W120A,10/2/2015
A4,50.0,1.10E-04,W34A,10/2/2015
B4,47.1,-1.60E-04,W34A,10/2/2015
C4,44.3,-1.00E-04,W34A,10/2/2015
D4,41.4,1.60E-04,W34A,10/2/2015
E4,38.6,2.80E-04,W34A,10/2/2015
F4,35.7,3.00E-04,W34A,10/2/2015
G4,32.9,3.50E-04,W34A,10/2/2015
H4,30.0,3.50E-04,W34A,10/2/2015
A5,50.0,-1.40E-04,W34A,10/2/2015
B5,47.1,-1.20E-04,W34A,10/2/2015
C5,44.3,1.00E-04,W34A,10/2/2015
D5,41.4,1.90E-04,W34A,10/2/2015
E5,38.6,3.20E-04,W34A,10/2/2015
F5,35.7,3.90E-04,W34A,10/2/2015
G5,32.9,3.60E-04,W34A,10/2/2015
H5,30.0,3.90E-04,W34A,10/2/2015
A6,50.0,-1.00E-04,W34A,10/2/2015
B6,47.1,-1.60E-04,W34A,10/2/2015
C6,44.3,1.00E-04,W34A,10/2/2015
D6,41.4,1.40E-04,W34A,10/2/2015
E6,38.6,2.80E-04,W34A,10/2/2015
F6,35.7,3.90E-04,W34A,10/2/2015
G6,32.9,4.50E-04,W34A,10/2/2015
H6,30.0,3.00E-04,W34A,10/2/2015
A7,50.0,9.00E-05,M323K,10/2/2015
B7,47.1,1.00E-04,M323K,10/2/2015
C7,44.3,1.30E-04,M323K,10/2/2015
D7,41.4,1.50E-04,M323K,10/2/2015
E7,38.6,1.20E-04,M323K,10/2/2015
F7,35.7,-1.90E-04,M323K,10/2/2015
G7,32.9,-1.50E-04,M323K,10/2/2015
H7,30.0,6.00E-05,M323K,10/2/2015
A8,50.0,-9.00E-05,M323K,10/2/2015
B8,47.1,1.30E-04,M323K,10/2/2015
C8,44.3,9.00E-05,M323K,10/2/2015
D8,41.4,-1.00E-04,M323K,10/2/2015
E8,38.6,-7.00E-05,M323K,10/2/2015
F8,35.7,1.00E-04,M323K,10/2/2015
G8,32.9,-8.00E-05,M323K,10/2/2015
H8,30.0,-1.60E-04,M323K,10/2/2015
A9,50.0,1.00E-04,M323K,10/2/2015
B9,47.1,1.40E-04,M323K,10/2/2015
C9,44.3,1.00E-04,M323K,10/2/2015
D9,41.4,-9.00E-05,M323K,10/2/2015
E9,38.6,1.10E-04,M323K,10/2/2015
F9,35.7,-8.00E-05,M323K,10/2/2015
G9,32.9,-1.30E-04,M323K,10/2/2015
H9,30.0,1.00E-04,M323K,10/2/2015
A10,50.0,-8.00E-05,W407G,10/2/2015
B10,47.1,-8.00E-05,W407G,10/2/2015
C10,44.3,8.00E-05,W407G,10/2/2015
D10,41.4,-1.00E-04,W407G,10/2/2015
E10,38.6,2.30E-04,W407G,10/2/2015
F10,35.7,3.10E-04,W407G,10/2/2015
G10,32.9,3.30E-04,W407G,10/2/2015
H10,30.0,2.30E-04,W407G,10/2/2015
A11,50.0,-1.00E-04,W407G,10/2/2015
B11,47.1,-9.00E-05,W407G,10/2/2015
C11,44.3,-8.00E-05,W407G,10/2/2015
D11,41.4,-5.00E-05,W407G,10/2/2015
E11,38.6,1.60E-04,W407G,10/2/2015
F11,35.7,3.00E-04,W407G,10/2/2015
G11,32.9,2.90E-04,W407G,10/2/2015
H11,30.0,2.30E-04,W407G,10/2/2015
A12,50.0,-1.20E-04,W407G,10/2/2015
B12,47.1,1.30E-04,W407G,10/2/2015
C12,44.3,1.00E-04,W407G,10/2/2015
D12,41.4,-1.00E-04,W407G,10/2/2015
E12,38.6,2.50E-04,W407G,10/2/2015
F12,35.7,3.00E-04,W407G,10/2/2015
G12,32.9,2.80E-04,W407G,10/2/2015
H12,30.0,2.90E-04,W407G,10/2/2015
,,,,
,,,,
A7,50.0,-1.00E-04,H122E,10/2/2015
B7,47.1,-1.20E-04,H122E,10/2/2015
C7,44.3,-1.40E-04,H122E,10/2/2015
D7,41.4,-1.30E-04,H122E,10/2/2015
E7,38.6,1.60E-04,H122E,10/2/2015
F7,35.7,1.00E-04,H122E,10/2/2015
G7,32.9,1.10E-04,H122E,10/2/2015
H7,30.0,-4.80E-04,H122E,10/2/2015
A8,50.0,-1.00E-04,H122E,10/2/2015
B8,47.1,-8.00E-05,H122E,10/2/2015
C8,44.3,8.00E-05,H122E,10/2/2015
D8,41.4,1.00E-04,H122E,10/2/2015
E8,38.6,9.00E-05,H122E,10/2/2015
F8,35.7,8.00E-05,H122E,10/2/2015
G8,32.9,7.00E-05,H122E,10/2/2015
H8,30.0,4.80E-04,H122E,10/2/2015
A9,50.0,-1.20E-04,H122E,10/2/2015
B9,47.1,1.30E-04,H122E,10/2/2015
C9,44.3,1.10E-04,H122E,10/2/2015
D9,41.4,1.20E-04,H122E,10/2/2015
E9,38.6,7.00E-05,H122E,10/2/2015
F9,35.7,1.40E-04,H122E,10/2/2015
G9,32.9,3.30E-04,H122E,10/2/2015
H9,30.0,9.00E-05,H122E,10/2/2015
A10,50.0,-9.00E-05,T178R,10/2/2015
B10,47.1,-7.00E-05,T178R,10/2/2015
C10,44.3,1.50E-04,T178R,10/2/2015
D10,41.4,8.30E-04,T178R,10/2/2015
E10,38.6,2.31E-03,T178R,10/2/2015
F10,35.7,3.21E-03,T178R,10/2/2015
G10,32.9,3.16E-03,T178R,10/2/2015
H10,30.0,2.93E-03,T178R,10/2/2015
A11,50.0,-1.10E-04,T178R,10/2/2015
B11,47.1,-8.00E-05,T178R,10/2/2015
C11,44.3,9.00E-05,T178R,10/2/2015
D11,41.4,6.40E-04,T178R,10/2/2015
E11,38.6,1.96E-03,T178R,10/2/2015
F11,35.7,2.86E-03,T178R,10/2/2015
G11,32.9,3.04E-03,T178R,10/2/2015
H11,30.0,3.29E-03,T178R,10/2/2015
A12,50.0,-8.00E-05,T178R,10/2/2015
B12,47.1,1.00E-04,T178R,10/2/2015
C12,44.3,1.10E-04,T178R,10/2/2015
D12,41.4,5.10E-04,T178R,10/2/2015
E12,38.6,2.11E-03,T178R,10/2/2015
F12,35.7,2.98E-03,T178R,10/2/2015
G12,32.9,2.79E-03,T178R,10/2/2015
H12,30.0,5.40E-04,T178R,10/2/2015
,,,,
Well,Max V [420],,,
A1,50.0,1.38E-03,I247N,10/2/2015
B1,47.1,-1.81E-03,I247N,10/2/2015
C1,44.3,1.20E-04,I247N,10/2/2015
D1,41.4,2.60E-04,I247N,10/2/2015
E1,38.6,4.09E-03,I247N,10/2/2015
F1,35.7,1.10E-02,I247N,10/2/2015
G1,32.9,1.13E-02,I247N,10/2/2015
H1,30.0,1.24E-02,I247N,10/2/2015
A2,50.0,1.90E-04,I247N,10/2/2015
B2,47.1,2.60E-04,I247N,10/2/2015
C2,44.3,1.20E-04,I247N,10/2/2015
D2,41.4,3.30E-04,I247N,10/2/2015
E2,38.6,4.18E-03,I247N,10/2/2015
F2,35.7,1.07E-02,I247N,10/2/2015
G2,32.9,1.32E-02,I247N,10/2/2015
H2,30.0,1.11E-02,I247N,10/2/2015
A3,50.0,-1.50E-04,I247N,10/2/2015
B3,47.1,1.00E-04,I247N,10/2/2015
C3,44.3,2.60E-04,I247N,10/2/2015
D3,41.4,3.60E-04,I247N,10/2/2015
E3,38.6,3.68E-03,I247N,10/2/2015
F3,35.7,1.07E-02,I247N,10/2/2015
G3,32.9,1.25E-02,I247N,10/2/2015
H3,30.0,8.16E-03,I247N,10/2/2015
A4,50.0,7.00E-05,F75H,10/2/2015
B4,47.1,9.00E-05,F75H,10/2/2015
C4,44.3,1.70E-04,F75H,10/2/2015
D4,41.4,6.90E-04,F75H,10/2/2015
E4,38.6,4.18E-03,F75H,10/2/2015
F4,35.7,7.24E-03,F75H,10/2/2015
G4,32.9,6.30E-03,F75H,10/2/2015
H4,30.0,5.16E-03,F75H,10/2/2015
A5,50.0,-8.00E-05,F75H,10/2/2015
B5,47.1,1.00E-04,F75H,10/2/2015
C5,44.3,1.50E-04,F75H,10/2/2015
D5,41.4,7.10E-04,F75H,10/2/2015
E5,38.6,4.12E-03,F75H,10/2/2015
F5,35.7,8.07E-03,F75H,10/2/2015
G5,32.9,6.83E-03,F75H,10/2/2015
H5,30.0,4.98E-03,F75H,10/2/2015
A6,50.0,-7.00E-05,F75H,10/2/2015
B6,47.1,1.60E-04,F75H,10/2/2015
C6,44.3,1.50E-04,F75H,10/2/2015
D6,41.4,5.90E-04,F75H,10/2/2015
E6,38.6,3.87E-03,F75H,10/2/2015
F6,35.7,6.71E-03,F75H,10/2/2015
G6,32.9,6.24E-03,F75H,10/2/2015
H6,30.0,4.00E-04,F75H,10/2/2015
A7,50.0,-1.00E-04,W328H,10/2/2015
B7,47.1,-1.20E-04,W328H,10/2/2015
C7,44.3,-1.40E-04,W328H,10/2/2015
D7,41.4,-1.30E-04,W328H,10/2/2015
E7,38.6,1.60E-04,W328H,10/2/2015
F7,35.7,1.00E-04,W328H,10/2/2015
G7,32.9,1.10E-04,W328H,10/2/2015
H7,30.0,-4.80E-04,W328H,10/2/2015
A8,50.0,-1.00E-04,W328H,10/2/2015
B8,47.1,-8.00E-05,W328H,10/2/2015
C8,44.3,8.00E-05,W328H,10/2/2015
D8,41.4,1.00E-04,W328H,10/2/2015
E8,38.6,9.00E-05,W328H,10/2/2015
F8,35.7,8.00E-05,W328H,10/2/2015
G8,32.9,7.00E-05,W328H,10/2/2015
H8,30.0,4.80E-04,W328H,10/2/2015
A9,50.0,-1.20E-04,W328H,10/2/2015
B9,47.1,1.30E-04,W328H,10/2/2015
C9,44.3,1.10E-04,W328H,10/2/2015
D9,41.4,1.20E-04,W328H,10/2/2015
E9,38.6,7.00E-05,W328H,10/2/2015
F9,35.7,1.40E-04,W328H,10/2/2015
G9,32.9,3.30E-04,W328H,10/2/2015
H9,30.0,9.00E-05,W328H,10/2/2015
A10,50.0,-9.00E-05,S19A,10/2/2015
B10,47.1,-7.00E-05,S19A,10/2/2015
C10,44.3,1.50E-04,S19A,10/2/2015
D10,41.4,8.30E-04,S19A,10/2/2015
E10,38.6,2.31E-03,S19A,10/2/2015
F10,35.7,3.21E-03,S19A,10/2/2015
G10,32.9,3.16E-03,S19A,10/2/2015
H10,30.0,2.93E-03,S19A,10/2/2015
A11,50.0,-1.10E-04,S19A,10/2/2015
B11,47.1,-8.00E-05,S19A,10/2/2015
C11,44.3,9.00E-05,S19A,10/2/2015
D11,41.4,6.40E-04,S19A,10/2/2015
E11,38.6,1.96E-03,S19A,10/2/2015
F11,35.7,2.86E-03,S19A,10/2/2015
G11,32.9,3.04E-03,S19A,10/2/2015
H11,30.0,3.29E-03,S19A,10/2/2015
A12,50.0,-8.00E-05,S19A,10/2/2015
B12,47.1,1.00E-04,S19A,10/2/2015
C12,44.3,1.10E-04,S19A,10/2/2015
D12,41.4,5.10E-04,S19A,10/2/2015
E12,38.6,2.11E-03,S19A,10/2/2015
F12,35.7,2.98E-03,S19A,10/2/2015
G12,32.9,2.79E-03,S19A,10/2/2015
H12,30.0,5.40E-04,S19A,10/2/2015
,,,,
,,,,
A4,50.0,1.00E-04,96,10/2/2015
B4,47.1,1.30E-04,96,10/2/2015
C4,44.3,3.40E-04,96,10/2/2015
D4,41.4,2.65E-02,96,10/2/2015
E4,38.6,9.77E-02,96,10/2/2015
F4,35.7,1.34E-01,96,10/2/2015
G4,32.9,1.49E-01,96,10/2/2015
H4,30.0,1.59E-01,96,10/2/2015
A5,50.0,1.00E-04,96,10/2/2015
B5,47.1,3.20E-04,96,10/2/2015
C5,44.3,2.90E-04,96,10/2/2015
D5,41.4,2.62E-02,96,10/2/2015
E5,38.6,1.03E-01,96,10/2/2015
F5,35.7,1.14E-01,96,10/2/2015
G5,32.9,1.22E-01,96,10/2/2015
H5,30.0,1.42E-01,96,10/2/2015
A6,50.0,1.00E-04,96,10/2/2015
B6,47.1,-9.00E-05,96,10/2/2015
C6,44.3,2.90E-04,96,10/2/2015
D6,41.4,2.09E-02,96,10/2/2015
E6,38.6,1.00E-01,96,10/2/2015
F6,35.7,1.13E-01,96,10/2/2015
G6,32.9,1.26E-01,96,10/2/2015
H6,30.0,1.40E-01,96,10/2/2015
A7,50.0,1.40E-04,97,10/2/2015
B7,47.1,3.20E-04,97,10/2/2015
C7,44.3,2.19E-03,97,10/2/2015
D7,41.4,4.17E-02,97,10/2/2015
E7,38.6,2.49E-01,97,10/2/2015
F7,35.7,2.86E-01,97,10/2/2015
G7,32.9,2.89E-01,97,10/2/2015
H7,30.0,2.88E-01,97,10/2/2015
A8,50.0,1.40E-04,97,10/2/2015
B8,47.1,3.40E-04,97,10/2/2015
C8,44.3,3.65E-03,97,10/2/2015
D8,41.4,5.55E-02,97,10/2/2015
E8,38.6,2.45E-01,97,10/2/2015
F8,35.7,2.65E-01,97,10/2/2015
G8,32.9,2.74E-01,97,10/2/2015
H8,30.0,2.96E-01,97,10/2/2015
A9,50.0,1.40E-04,97,10/2/2015
B9,47.1,7.00E-04,97,10/2/2015
C9,44.3,2.32E-03,97,10/2/2015
D9,41.4,5.15E-02,97,10/2/2015
E9,38.6,2.58E-01,97,10/2/2015
F9,35.7,2.68E-01,97,10/2/2015
G9,32.9,2.81E-01,97,10/2/2015
H9,30.0,2.97E-01,97,10/2/2015
A10,50.0,-1.00E-04,98,10/2/2015
B10,47.1,8.00E-05,98,10/2/2015
C10,44.3,1.70E-04,98,10/2/2015
D10,41.4,3.14E-03,98,10/2/2015
E10,38.6,6.00E-05,98,10/2/2015
F10,35.7,6.04E-02,98,10/2/2015
G10,32.9,6.94E-02,98,10/2/2015
H10,30.0,7.20E-02,98,10/2/2015
A11,50.0,1.60E-04,98,10/2/2015
B11,47.1,9.00E-05,98,10/2/2015
C11,44.3,1.30E-04,98,10/2/2015
D11,41.4,2.17E-03,98,10/2/2015
E11,38.6,4.38E-02,98,10/2/2015
F11,35.7,6.10E-02,98,10/2/2015
G11,32.9,6.68E-02,98,10/2/2015
H11,30.0,7.09E-02,98,10/2/2015
A12,50.0,9.00E-05,98,10/2/2015
B12,47.1,9.00E-05,98,10/2/2015
C12,44.3,1.30E-04,98,10/2/2015
D12,41.4,2.75E-03,98,10/2/2015
E12,38.6,4.48E-02,98,10/2/2015
F12,35.7,6.07E-02,98,10/2/2015
G12,32.9,6.53E-02,98,10/2/2015
H12,30.0,6.51E-02,98,10/2/2015
,,,,
,,,,
A1,50.0,1.80E-04,100,10/2/2015
B1,47.1,4.70E-04,100,10/2/2015
C1,44.3,8.00E-05,100,10/2/2015
D1,41.4,-5.00E-05,100,10/2/2015
E1,38.6,3.10E-04,100,10/2/2015
F1,35.7,1.10E-04,100,10/2/2015
G1,32.9,1.20E-04,100,10/2/2015
H1,30.0,9.00E-05,100,10/2/2015
A2,50.0,1.30E-04,100,10/2/2015
B2,47.1,-1.00E-04,100,10/2/2015
C2,44.3,5.00E-05,100,10/2/2015
D2,41.4,-1.30E-04,100,10/2/2015
E2,38.6,1.50E-04,100,10/2/2015
F2,35.7,-8.00E-05,100,10/2/2015
G2,32.9,-9.00E-05,100,10/2/2015
H2,30.0,8.00E-05,100,10/2/2015
A3,50.0,-1.30E-04,100,10/2/2015
B3,47.1,1.50E-04,100,10/2/2015
C3,44.3,-8.00E-05,100,10/2/2015
D3,41.4,-1.70E-04,100,10/2/2015
E3,38.6,9.00E-05,100,10/2/2015
F3,35.7,1.30E-04,100,10/2/2015
G3,32.9,1.30E-04,100,10/2/2015
H3,30.0,7.00E-05,100,10/2/2015
A4,50.0,4.50E-04,101,10/2/2015
B4,47.1,1.30E-04,101,10/2/2015
C4,44.3,1.40E-04,101,10/2/2015
D4,41.4,1.79E-03,101,10/2/2015
E4,38.6,6.04E-03,101,10/2/2015
F4,35.7,8.69E-03,101,10/2/2015
G4,32.9,9.83E-03,101,10/2/2015
H4,30.0,1.31E-02,101,10/2/2015
A5,50.0,-7.00E-05,101,10/2/2015
B5,47.1,1.50E-04,101,10/2/2015
C5,44.3,1.30E-04,101,10/2/2015
D5,41.4,1.59E-03,101,10/2/2015
E5,38.6,6.02E-03,101,10/2/2015
F5,35.7,9.40E-03,101,10/2/2015
G5,32.9,9.80E-03,101,10/2/2015
H5,30.0,1.16E-02,101,10/2/2015
A6,50.0,6.00E-05,101,10/2/2015
B6,47.1,7.00E-05,101,10/2/2015
C6,44.3,2.50E-04,101,10/2/2015
D6,41.4,1.35E-03,101,10/2/2015
E6,38.6,5.77E-03,101,10/2/2015
F6,35.7,8.39E-03,101,10/2/2015
G6,32.9,9.28E-03,101,10/2/2015
H6,30.0,9.82E-03,101,10/2/2015
A7,50.0,9.00E-05,104,10/2/2015
B7,47.1,-7.00E-05,104,10/2/2015
C7,44.3,-4.10E-04,104,10/2/2015
D7,41.4,1.70E-04,104,10/2/2015
E7,38.6,-1.40E-04,104,10/2/2015
F7,35.7,-8.00E-05,104,10/2/2015
G7,32.9,1.40E-04,104,10/2/2015
H7,30.0,8.00E-05,104,10/2/2015
A8,50.0,9.00E-05,104,10/2/2015
B8,47.1,1.80E-04,104,10/2/2015
C8,44.3,-1.50E-04,104,10/2/2015
D8,41.4,2.10E-04,104,10/2/2015
E8,38.6,-5.00E-05,104,10/2/2015
F8,35.7,1.20E-04,104,10/2/2015
G8,32.9,-7.00E-05,104,10/2/2015
H8,30.0,1.40E-04,104,10/2/2015
A9,50.0,-7.00E-05,104,10/2/2015
B9,47.1,1.40E-04,104,10/2/2015
C9,44.3,9.00E-05,104,10/2/2015
D9,41.4,-4.20E-04,104,10/2/2015
E9,38.6,-1.70E-04,104,10/2/2015
F9,35.7,1.20E-04,104,10/2/2015
G9,32.9,8.00E-05,104,10/2/2015
H9,30.0,9.00E-05,104,10/2/2015
A10,50.0,1.30E-04,106,10/2/2015
B10,47.1,5.90E-04,106,10/2/2015
C10,44.3,-1.40E-04,106,10/2/2015
D10,41.4,1.30E-04,106,10/2/2015
E10,38.6,3.60E-04,106,10/2/2015
F10,35.7,1.43E-03,106,10/2/2015
G10,32.9,3.83E-03,106,10/2/2015
H10,30.0,4.87E-03,106,10/2/2015
A11,50.0,-2.20E-04,106,10/2/2015
B11,47.1,1.90E-04,106,10/2/2015
C11,44.3,1.10E-04,106,10/2/2015
D11,41.4,1.30E-04,106,10/2/2015
E11,38.6,4.40E-04,106,10/2/2015
F11,35.7,1.99E-03,106,10/2/2015
G11,32.9,3.34E-03,106,10/2/2015
H11,30.0,4.67E-03,106,10/2/2015
A12,50.0,8.00E-05,106,10/2/2015
B12,47.1,-2.30E-04,106,10/2/2015
C12,44.3,-2.10E-04,106,10/2/2015
D12,41.4,4.10E-04,106,10/2/2015
E12,38.6,3.90E-04,106,10/2/2015
F12,35.7,1.43E-03,106,10/2/2015
G12,32.9,4.00E-03,106,10/2/2015
H12,30.0,4.41E-03,106,10/2/2015
,,,,
Well,Max V [420],,,
A1,50.0,0.0,113,10/5/2015
B1,47.1,0.0,113,10/5/2015
C1,44.3,0.0,113,10/5/2015
D1,41.4,0.0,113,10/5/2015
E1,38.6,0.0,113,10/5/2015
F1,35.7,0.0,113,10/5/2015
G1,32.9,0.0,113,10/5/2015
H1,30.0,0.0,113,10/5/2015
A2,50.0,0.0,113,10/5/2015
B2,47.1,0.0,113,10/5/2015
C2,44.3,0.0,113,10/5/2015
D2,41.4,0.0,113,10/5/2015
E2,38.6,0.0,113,10/5/2015
F2,35.7,0.0,113,10/5/2015
G2,32.9,0.0,113,10/5/2015
H2,30.0,0.0,113,10/5/2015
A3,50.0,0.0,113,10/5/2015
B3,47.1,0.0,113,10/5/2015
C3,44.3,0.0,113,10/5/2015
D3,41.4,0.0,113,10/5/2015
E3,38.6,0.0,113,10/5/2015
F3,35.7,0.0,113,10/5/2015
G3,32.9,0.0,113,10/5/2015
H3,30.0,0.0,113,10/5/2015
A4,50.0,0.0,114,10/5/2015
B4,47.1,0.0,114,10/5/2015
C4,44.3,0.0,114,10/5/2015
D4,41.4,0.0,114,10/5/2015
E4,38.6,0.0,114,10/5/2015
F4,35.7,0.0,114,10/5/2015
G4,32.9,0.0,114,10/5/2015
H4,30.0,0.0,114,10/5/2015
A5,50.0,0.0,114,10/5/2015
B5,47.1,0.0,114,10/5/2015
C5,44.3,0.0,114,10/5/2015
D5,41.4,0.0,114,10/5/2015
E5,38.6,0.0,114,10/5/2015
F5,35.7,0.0,114,10/5/2015
G5,32.9,0.0,114,10/5/2015
H5,30.0,0.0,114,10/5/2015
A6,50.0,0.0,114,10/5/2015
B6,47.1,0.0,114,10/5/2015
C6,44.3,0.0,114,10/5/2015
D6,41.4,0.0,114,10/5/2015
E6,38.6,0.0,114,10/5/2015
F6,35.7,0.0,114,10/5/2015
G6,32.9,7.21E-05,114,10/5/2015
H6,30.0,4.42E-05,114,10/5/2015
A7,50.0,7.58E-05,116,10/5/2015
B7,47.1,4.24E-05,116,10/5/2015
C7,44.3,1.92E-04,116,10/5/2015
D7,41.4,-5.27E-05,116,10/5/2015
E7,38.6,3.82E-05,116,10/5/2015
F7,35.7,5.58E-05,116,10/5/2015
G7,32.9,-8.67E-05,116,10/5/2015
H7,30.0,4.48E-05,116,10/5/2015
A8,50.0,-4.24E-05,116,10/5/2015
B8,47.1,6.24E-05,116,10/5/2015
C8,44.3,-4.91E-05,116,10/5/2015
D8,41.4,-6.73E-05,116,10/5/2015
E8,38.6,3.58E-05,116,10/5/2015
F8,35.7,5.03E-05,116,10/5/2015
G8,32.9,4.55E-05,116,10/5/2015
H8,30.0,3.58E-05,116,10/5/2015
A9,50.0,3.86E-04,116,10/5/2015
B9,47.1,5.27E-05,116,10/5/2015
C9,44.3,5.39E-05,116,10/5/2015
D9,41.4,-3.94E-05,116,10/5/2015
E9,38.6,-6.18E-05,116,10/5/2015
F9,35.7,4.12E-05,116,10/5/2015
G9,32.9,6.48E-05,116,10/5/2015
H9,30.0,3.52E-05,116,10/5/2015
A10,50.0,6.06E-05,117,10/5/2015
B10,47.1,8.97E-05,117,10/5/2015
C10,44.3,2.60E-04,117,10/5/2015
D10,41.4,8.92E-03,117,10/5/2015
E10,38.6,2.52E-01,117,10/5/2015
F10,35.7,2.64E-01,117,10/5/2015
G10,32.9,3.15E-01,117,10/5/2015
H10,30.0,3.34E-01,117,10/5/2015
A11,50.0,7.09E-05,117,10/5/2015
B11,47.1,1.08E-04,117,10/5/2015
C11,44.3,2.36E-04,117,10/5/2015
D11,41.4,7.61E-03,117,10/5/2015
E11,38.6,2.54E-01,117,10/5/2015
F11,35.7,3.03E-01,117,10/5/2015
G11,32.9,3.35E-01,117,10/5/2015
H11,30.0,3.34E-01,117,10/5/2015
A12,50.0,5.58E-05,117,10/5/2015
B12,47.1,9.58E-05,117,10/5/2015
C12,44.3,2.58E-04,117,10/5/2015
D12,41.4,7.12E-03,117,10/5/2015
E12,38.6,2.60E-01,117,10/5/2015
F12,35.7,2.94E-01,117,10/5/2015
G12,32.9,3.01E-01,117,10/5/2015
H12,30.0,3.43E-01,117,10/5/2015
,,,,
Well,Max V [420],,,
A1,50.0,6.42E-05,119,10/5/2015
B1,47.1,8.30E-05,119,10/5/2015
C1,44.3,3.70E-04,119,10/5/2015
D1,41.4,2.27E-02,119,10/5/2015
E1,38.6,1.39E-01,119,10/5/2015
F1,35.7,1.75E-01,119,10/5/2015
G1,32.9,1.79E-01,119,10/5/2015
H1,30.0,1.43E-01,119,10/5/2015
A2,50.0,5.52E-05,119,10/5/2015
B2,47.1,7.21E-05,119,10/5/2015
C2,44.3,3.71E-04,119,10/5/2015
D2,41.4,2.30E-02,119,10/5/2015
E2,38.6,1.40E-01,119,10/5/2015
F2,35.7,1.70E-01,119,10/5/2015
G2,32.9,1.80E-01,119,10/5/2015
H2,30.0,1.87E-01,119,10/5/2015
A3,50.0,-2.36E-05,119,10/5/2015
B3,47.1,7.70E-05,119,10/5/2015
C3,44.3,3.61E-04,119,10/5/2015
D3,41.4,2.60E-02,119,10/5/2015
E3,38.6,1.33E-01,119,10/5/2015
F3,35.7,1.58E-01,119,10/5/2015
G3,32.9,1.82E-01,119,10/5/2015
H3,30.0,1.84E-01,119,10/5/2015
A4,50.0,4.48E-05,121,10/5/2015
B4,47.1,3.52E-05,121,10/5/2015
C4,44.3,5.52E-05,121,10/5/2015
D4,41.4,6.30E-04,121,10/5/2015
E4,38.6,1.49E-03,121,10/5/2015
F4,35.7,1.75E-03,121,10/5/2015
G4,32.9,1.93E-03,121,10/5/2015
H4,30.0,1.69E-03,121,10/5/2015
A5,50.0,-3.09E-05,121,10/5/2015
B5,47.1,-2.91E-05,121,10/5/2015
C5,44.3,4.67E-05,121,10/5/2015
D5,41.4,5.97E-04,121,10/5/2015
E5,38.6,1.45E-03,121,10/5/2015
F5,35.7,1.73E-03,121,10/5/2015
G5,32.9,1.86E-03,121,10/5/2015
H5,30.0,1.96E-03,121,10/5/2015
A6,50.0,-4.79E-05,121,10/5/2015
B6,47.1,3.15E-05,121,10/5/2015
C6,44.3,3.94E-05,121,10/5/2015
D6,41.4,5.28E-04,121,10/5/2015
E6,38.6,1.52E-03,121,10/5/2015
F6,35.7,1.75E-03,121,10/5/2015
G6,32.9,1.91E-03,121,10/5/2015
H6,30.0,2.05E-03,121,10/5/2015
A7,50.0,3.45E-05,122,10/5/2015
B7,47.1,-2.36E-05,122,10/5/2015
C7,44.3,-2.97E-05,122,10/5/2015
D7,41.4,1.25E-04,122,10/5/2015
E7,38.6,4.08E-04,122,10/5/2015
F7,35.7,5.79E-04,122,10/5/2015
G7,32.9,5.72E-04,122,10/5/2015
H7,30.0,6.33E-04,122,10/5/2015
A8,50.0,7.58E-05,122,10/5/2015
B8,47.1,3.33E-05,122,10/5/2015
C8,44.3,2.24E-05,122,10/5/2015
D8,41.4,1.49E-04,122,10/5/2015
E8,38.6,4.85E-04,122,10/5/2015
F8,35.7,5.77E-04,122,10/5/2015
G8,32.9,5.88E-04,122,10/5/2015
H8,30.0,6.04E-04,122,10/5/2015
A9,50.0,2.79E-05,122,10/5/2015
B9,47.1,2.42E-05,122,10/5/2015
C9,44.3,2.55E-05,122,10/5/2015
D9,41.4,1.52E-04,122,10/5/2015
E9,38.6,5.21E-04,122,10/5/2015
F9,35.7,5.59E-04,122,10/5/2015
G9,32.9,5.79E-04,122,10/5/2015
H9,30.0,5.96E-04,122,10/5/2015
A10,50.0,2.67E-05,124,10/5/2015
B10,47.1,1.32E-04,124,10/5/2015
C10,44.3,2.06E-05,124,10/5/2015
D10,41.4,3.09E-05,124,10/5/2015
E10,38.6,-3.15E-05,124,10/5/2015
F10,35.7,2.30E-05,124,10/5/2015
G10,32.9,-7.39E-05,124,10/5/2015
H10,30.0,-2.91E-05,124,10/5/2015
A11,50.0,3.33E-05,124,10/5/2015
B11,47.1,-4.12E-05,124,10/5/2015
C11,44.3,4.73E-05,124,10/5/2015
D11,41.4,2.36E-05,124,10/5/2015
E11,38.6,6.24E-05,124,10/5/2015
F11,35.7,3.94E-05,124,10/5/2015
G11,32.9,-3.15E-05,124,10/5/2015
H11,30.0,-2.79E-05,124,10/5/2015
A12,50.0,3.15E-05,124,10/5/2015
B12,47.1,-6.42E-05,124,10/5/2015
C12,44.3,5.09E-05,124,10/5/2015
D12,41.4,8.91E-05,124,10/5/2015
E12,38.6,-2.67E-05,124,10/5/2015
F12,35.7,2.55E-05,124,10/5/2015
G12,32.9,2.91E-05,124,10/5/2015
H12,30.0,3.70E-05,124,10/5/2015
Well,,Max V [420],,
A1,50.0,2.85E-05,38,10/16/2015
B1,47.1,4.67E-05,38,10/16/2015
C1,44.3,3.27E-05,38,10/16/2015
D1,41.4,-3.27E-05,38,10/16/2015
E1,38.6,-1.12E-04,38,10/16/2015
F1,35.7,-6.06E-05,38,10/16/2015
G1,32.9,-3.15E-05,38,10/16/2015
H1,30.0,2.55E-05,38,10/16/2015
A2,50.0,6.00E-05,38,10/16/2015
B2,47.1,4.73E-05,38,10/16/2015
C2,44.3,6.12E-05,38,10/16/2015
D2,41.4,-2.61E-05,38,10/16/2015
E2,38.6,-9.76E-05,38,10/16/2015
F2,35.7,-9.33E-05,38,10/16/2015
G2,32.9,2.73E-05,38,10/16/2015
H2,30.0,-2.67E-05,38,10/16/2015
A3,50.0,4.97E-05,38,10/16/2015
B3,47.1,-2.88E-04,38,10/16/2015
C3,44.3,-4.61E-05,38,10/16/2015
D3,41.4,-7.88E-05,38,10/16/2015
E3,38.6,-1.04E-04,38,10/16/2015
F3,35.7,-6.12E-05,38,10/16/2015
G3,32.9,-2.73E-05,38,10/16/2015
H3,30.0,-2.55E-05,38,10/16/2015
A4,50.0,5.03E-05,41,10/16/2015
B4,47.1,7.39E-05,41,10/16/2015
C4,44.3,2.25E-04,41,10/16/2015
D4,41.4,1.19E-02,41,10/16/2015
E4,38.6,2.32E-01,41,10/16/2015
F4,35.7,2.15E-01,41,10/16/2015
G4,32.9,2.76E-01,41,10/16/2015
H4,30.0,2.63E-01,41,10/16/2015
A5,50.0,6.79E-05,41,10/16/2015
B5,47.1,8.18E-05,41,10/16/2015
C5,44.3,2.02E-04,41,10/16/2015
D5,41.4,1.06E-02,41,10/16/2015
E5,38.6,2.49E-01,41,10/16/2015
F5,35.7,2.28E-01,41,10/16/2015
G5,32.9,2.62E-01,41,10/16/2015
H5,30.0,2.62E-01,41,10/16/2015
A6,50.0,6.97E-05,41,10/16/2015
B6,47.1,7.76E-05,41,10/16/2015
C6,44.3,2.23E-04,41,10/16/2015
D6,41.4,7.88E-03,41,10/16/2015
E6,38.6,2.35E-01,41,10/16/2015
F6,35.7,2.29E-01,41,10/16/2015
G6,32.9,2.51E-01,41,10/16/2015
H6,30.0,2.66E-01,41,10/16/2015
A7,50.0,6.25E-04,42,10/16/2015
B7,47.1,1.36E-04,42,10/16/2015
C7,44.3,5.49E-04,42,10/16/2015
D7,41.4,3.03E-02,42,10/16/2015
E7,38.6,2.55E-01,42,10/16/2015
F7,35.7,2.15E-01,42,10/16/2015
G7,32.9,2.67E-01,42,10/16/2015
H7,30.0,2.65E-01,42,10/16/2015
A8,50.0,8.12E-05,42,10/16/2015
B8,47.1,1.38E-04,42,10/16/2015
C8,44.3,5.85E-04,42,10/16/2015
D8,41.4,3.73E-02,42,10/16/2015
E8,38.6,2.53E-01,42,10/16/2015
F8,35.7,2.11E-01,42,10/16/2015
G8,32.9,2.62E-01,42,10/16/2015
H8,30.0,2.51E-01,42,10/16/2015
A9,50.0,7.76E-05,42,10/16/2015
B9,47.1,1.32E-04,42,10/16/2015
C9,44.3,6.14E-04,42,10/16/2015
D9,41.4,3.97E-02,42,10/16/2015
E9,38.6,2.47E-01,42,10/16/2015
F9,35.7,2.26E-01,42,10/16/2015
G9,32.9,2.52E-01,42,10/16/2015
H9,30.0,2.70E-01,42,10/16/2015
A10,50.0,4.73E-05,43,10/16/2015
B10,47.1,5.21E-05,43,10/16/2015
C10,44.3,1.14E-04,43,10/16/2015
D10,41.4,2.02E-03,43,10/16/2015
E10,38.6,8.62E-03,43,10/16/2015
F10,35.7,1.23E-02,43,10/16/2015
G10,32.9,1.71E-02,43,10/16/2015
H10,30.0,2.05E-02,43,10/16/2015
A11,50.0,3.70E-05,43,10/16/2015
B11,47.1,5.64E-05,43,10/16/2015
C11,44.3,-5.18E-04,43,10/16/2015
D11,41.4,1.93E-03,43,10/16/2015
E11,38.6,7.10E-03,43,10/16/2015
F11,35.7,1.81E-02,43,10/16/2015
G11,32.9,1.59E-02,43,10/16/2015
H11,30.0,2.03E-02,43,10/16/2015
A12,50.0,4.97E-05,43,10/16/2015
B12,47.1,5.33E-05,43,10/16/2015
C12,44.3,1.38E-04,43,10/16/2015
D12,41.4,1.97E-03,43,10/16/2015
E12,38.6,8.03E-03,43,10/16/2015
F12,35.7,1.28E-02,43,10/16/2015
G12,32.9,1.55E-02,43,10/16/2015
H12,30.0,1.94E-02,43,10/16/2015
,,,,
Well,,Max V [420],,
A1,50.0,1.07E-04,H122E,10/24/2015
B1,47.1,4.97E-05,H122E,10/24/2015
C1,44.3,1.32E-04,H122E,10/24/2015
D1,41.4,3.03E-05,H122E,10/24/2015
E1,38.6,8.79E-05,H122E,10/24/2015
F1,35.7,-3.09E-05,H122E,10/24/2015
G1,32.9,3.39E-05,H122E,10/24/2015
H1,30.0,2.36E-05,H122E,10/24/2015
A2,50.0,4.73E-05,H122E,10/24/2015
B2,47.1,-5.27E-05,H122E,10/24/2015
C2,44.3,-1.10E-04,H122E,10/24/2015
D2,41.4,7.64E-05,H122E,10/24/2015
E2,38.6,-8.85E-05,H122E,10/24/2015
F2,35.7,4.67E-05,H122E,10/24/2015
G2,32.9,-3.52E-05,H122E,10/24/2015
H2,30.0,2.61E-05,H122E,10/24/2015
A3,50.0,2.97E-05,H122E,10/24/2015
B3,47.1,2.06E-05,H122E,10/24/2015
C3,44.3,-5.70E-05,H122E,10/24/2015
D3,41.4,-8.24E-05,H122E,10/24/2015
E3,38.6,2.65E-04,H122E,10/24/2015
F3,35.7,-5.09E-05,H122E,10/24/2015
G3,32.9,4.85E-05,H122E,10/24/2015
H3,30.0,3.03E-05,H122E,10/24/2015
A4,50.0,6.42E-05,E180L,10/24/2015
B4,47.1,8.85E-05,E180L,10/24/2015
C4,44.3,1.25E-04,E180L,10/24/2015
D4,41.4,2.19E-03,E180L,10/24/2015
E4,38.6,8.64E-03,E180L,10/24/2015
F4,35.7,8.37E-03,E180L,10/24/2015
G4,32.9,8.33E-03,E180L,10/24/2015
H4,30.0,9.94E-03,E180L,10/24/2015
A5,50.0,4.61E-05,E180L,10/24/2015
B5,47.1,5.58E-05,E180L,10/24/2015
C5,44.3,1.07E-04,E180L,10/24/2015
D5,41.4,1.64E-03,E180L,10/24/2015
E5,38.6,7.50E-03,E180L,10/24/2015
F5,35.7,8.07E-03,E180L,10/24/2015
G5,32.9,4.25E-03,E180L,10/24/2015
H5,30.0,9.87E-03,E180L,10/24/2015
A6,50.0,7.52E-05,E180L,10/24/2015
B6,47.1,5.39E-05,E180L,10/24/2015
C6,44.3,9.45E-05,E180L,10/24/2015
D6,41.4,3.47E-04,E180L,10/24/2015
E6,38.6,6.88E-03,E180L,10/24/2015
F6,35.7,7.71E-03,E180L,10/24/2015
G6,32.9,1.03E-02,E180L,10/24/2015
H6,30.0,9.13E-03,E180L,10/24/2015
A7,50.0,3.70E-05,I303N,10/24/2015
B7,47.1,9.39E-05,I303N,10/24/2015
C7,44.3,4.64E-04,I303N,10/24/2015
D7,41.4,1.31E-03,I303N,10/24/2015
E7,38.6,6.30E-03,I303N,10/24/2015
F7,35.7,7.20E-03,I303N,10/24/2015
G7,32.9,8.52E-03,I303N,10/24/2015
H7,30.0,4.91E-03,I303N,10/24/2015
A8,50.0,9.03E-05,I303N,10/24/2015
B8,47.1,7.52E-05,I303N,10/24/2015
C8,44.3,6.10E-04,I303N,10/24/2015
D8,41.4,1.29E-03,I303N,10/24/2015
E8,38.6,7.30E-03,I303N,10/24/2015
F8,35.7,6.77E-03,I303N,10/24/2015
G8,32.9,9.63E-03,I303N,10/24/2015
H8,30.0,6.41E-03,I303N,10/24/2015
A9,50.0,-4.97E-05,I303N,10/24/2015
B9,47.1,6.85E-05,I303N,10/24/2015
C9,44.3,2.68E-04,I303N,10/24/2015
D9,41.4,1.66E-03,I303N,10/24/2015
E9,38.6,3.73E-03,I303N,10/24/2015
F9,35.7,6.90E-03,I303N,10/24/2015
G9,32.9,8.41E-03,I303N,10/24/2015
H9,30.0,1.04E-02,I303N,10/24/2015
A10,50.0,7.45E-05,Q316R,10/24/2015
B10,47.1,4.18E-05,Q316R,10/24/2015
C10,44.3,4.36E-05,Q316R,10/24/2015
D10,41.4,2.32E-03,Q316R,10/24/2015
E10,38.6,5.52E-03,Q316R,10/24/2015
F10,35.7,5.23E-03,Q316R,10/24/2015
G10,32.9,6.80E-03,Q316R,10/24/2015
H10,30.0,5.74E-03,Q316R,10/24/2015
A11,50.0,-7.94E-05,Q316R,10/24/2015
B11,47.1,-4.61E-05,Q316R,10/24/2015
C11,44.3,1.15E-04,Q316R,10/24/2015
D11,41.4,1.88E-03,Q316R,10/24/2015
E11,38.6,6.13E-03,Q316R,10/24/2015
F11,35.7,5.08E-03,Q316R,10/24/2015
G11,32.9,5.94E-03,Q316R,10/24/2015
H11,30.0,5.97E-03,Q316R,10/24/2015
A12,50.0,6.61E-05,Q316R,10/24/2015
B12,47.1,5.09E-05,Q316R,10/24/2015
C12,44.3,1.30E-04,Q316R,10/24/2015
D12,41.4,1.52E-03,Q316R,10/24/2015
E12,38.6,5.33E-03,Q316R,10/24/2015
F12,35.7,4.80E-03,Q316R,10/24/2015
G12,32.9,5.47E-03,Q316R,10/24/2015
H12,30.0,5.37E-03,Q316R,10/24/2015
,,,,
Well,,Max V [420],,
A1,50.0,8.48E-05,T178R,10/24/2015
B1,47.1,4.00E-05,T178R,10/24/2015
C1,44.3,4.85E-05,T178R,10/24/2015
D1,41.4,1.59E-04,T178R,10/24/2015
E1,38.6,6.76E-04,T178R,10/24/2015
F1,35.7,1.15E-03,T178R,10/24/2015
G1,32.9,1.36E-03,T178R,10/24/2015
H1,30.0,1.50E-03,T178R,10/24/2015
A2,50.0,7.52E-05,T178R,10/24/2015
B2,47.1,-3.52E-05,T178R,10/24/2015
C2,44.3,4.30E-05,T178R,10/24/2015
D2,41.4,1.72E-04,T178R,10/24/2015
E2,38.6,6.83E-04,T178R,10/24/2015
F2,35.7,1.12E-03,T178R,10/24/2015
G2,32.9,1.37E-03,T178R,10/24/2015
H2,30.0,1.46E-03,T178R,10/24/2015
A3,50.0,2.97E-05,T178R,10/24/2015
B3,47.1,2.24E-05,T178R,10/24/2015
C3,44.3,3.27E-05,T178R,10/24/2015
D3,41.4,1.66E-04,T178R,10/24/2015
E3,38.6,6.01E-04,T178R,10/24/2015
F3,35.7,1.03E-03,T178R,10/24/2015
G3,32.9,1.30E-03,T178R,10/24/2015
H3,30.0,1.34E-03,T178R,10/24/2015
A4,50.0,2.91E-05,I247N,10/24/2015
B4,47.1,-4.67E-05,I247N,10/24/2015
C4,44.3,4.18E-05,I247N,10/24/2015
D4,41.4,-7.94E-05,I247N,10/24/2015
E4,38.6,1.06E-04,I247N,10/24/2015
F4,35.7,1.33E-04,I247N,10/24/2015
G4,32.9,2.23E-04,I247N,10/24/2015
H4,30.0,2.82E-04,I247N,10/24/2015
A5,50.0,3.76E-05,I247N,10/24/2015
B5,47.1,-3.33E-05,I247N,10/24/2015
C5,44.3,-2.18E-05,I247N,10/24/2015
D5,41.4,4.48E-05,I247N,10/24/2015
E5,38.6,7.64E-05,I247N,10/24/2015
F5,35.7,2.30E-04,I247N,10/24/2015
G5,32.9,1.68E-04,I247N,10/24/2015
H5,30.0,2.84E-04,I247N,10/24/2015
A6,50.0,-3.76E-05,I247N,10/24/2015
B6,47.1,2.73E-05,I247N,10/24/2015
C6,44.3,2.42E-05,I247N,10/24/2015
D6,41.4,1.70E-05,I247N,10/24/2015
E6,38.6,6.85E-05,I247N,10/24/2015
F6,35.7,2.50E-04,I247N,10/24/2015
G6,32.9,1.76E-04,I247N,10/24/2015
H6,30.0,2.24E-04,I247N,10/24/2015
A7,50.0,-6.55E-05,F75H,10/24/2015
B7,47.1,-3.09E-05,F75H,10/24/2015
C7,44.3,3.94E-05,F75H,10/24/2015
D7,41.4,8.42E-05,F75H,10/24/2015
E7,38.6,1.55E-04,F75H,10/24/2015
F7,35.7,1.78E-04,F75H,10/24/2015
G7,32.9,2.09E-04,F75H,10/24/2015
H7,30.0,2.68E-04,F75H,10/24/2015
A8,50.0,2.97E-05,F75H,10/24/2015
B8,47.1,2.30E-05,F75H,10/24/2015
C8,44.3,4.85E-05,F75H,10/24/2015
D8,41.4,6.67E-05,F75H,10/24/2015
E8,38.6,1.28E-04,F75H,10/24/2015
F8,35.7,-2.36E-05,F75H,10/24/2015
G8,32.9,2.28E-04,F75H,10/24/2015
H8,30.0,2.14E-04,F75H,10/24/2015
A9,50.0,-5.21E-05,F75H,10/24/2015
B9,47.1,5.33E-05,F75H,10/24/2015
C9,44.3,3.88E-05,F75H,10/24/2015
D9,41.4,7.82E-05,F75H,10/24/2015
E9,38.6,1.25E-04,F75H,10/24/2015
F9,35.7,1.71E-04,F75H,10/24/2015
G9,32.9,2.24E-04,F75H,10/24/2015
H9,30.0,2.18E-04,F75H,10/24/2015
A10,50.0,-4.06E-05,W328H,10/24/2015
B10,47.1,5.39E-05,W328H,10/24/2015
C10,44.3,4.55E-05,W328H,10/24/2015
D10,41.4,1.55E-04,W328H,10/24/2015
E10,38.6,4.04E-04,W328H,10/24/2015
F10,35.7,4.62E-04,W328H,10/24/2015
G10,32.9,1.70E-04,W328H,10/24/2015
H10,30.0,4.21E-04,W328H,10/24/2015
A11,50.0,-6.67E-05,W328H,10/24/2015
B11,47.1,4.67E-05,W328H,10/24/2015
C11,44.3,3.09E-05,W328H,10/24/2015
D11,41.4,1.71E-04,W328H,10/24/2015
E11,38.6,3.65E-04,W328H,10/24/2015
F11,35.7,4.55E-04,W328H,10/24/2015
G11,32.9,4.19E-04,W328H,10/24/2015
H11,30.0,4.46E-04,W328H,10/24/2015
A12,50.0,-3.45E-05,W328H,10/24/2015
B12,47.1,6.73E-05,W328H,10/24/2015
C12,44.3,5.76E-05,W328H,10/24/2015
D12,41.4,1.68E-04,W328H,10/24/2015
E12,38.6,5.27E-04,W328H,10/24/2015
F12,35.7,4.13E-04,W328H,10/24/2015
G12,32.9,4.64E-04,W328H,10/24/2015
H12,30.0,4.38E-04,W328H,10/24/2015
,,,,
Well,,,,
A1,50.0,6.18E-05,S19A,10/24/2015
B1,47.1,5.09E-05,S19A,10/24/2015
C1,44.3,5.70E-05,S19A,10/24/2015
D1,41.4,4.45E-04,S19A,10/24/2015
E1,38.6,2.02E-03,S19A,10/24/2015
F1,35.7,2.51E-03,S19A,10/24/2015
G1,32.9,2.44E-03,S19A,10/24/2015
H1,30.0,2.87E-03,S19A,10/24/2015
A2,50.0,1.02E-04,S19A,10/24/2015
B2,47.1,-1.72E-04,S19A,10/24/2015
C2,44.3,7.03E-05,S19A,10/24/2015
D2,41.4,6.47E-04,S19A,10/24/2015
E2,38.6,2.40E-03,S19A,10/24/2015
F2,35.7,2.40E-03,S19A,10/24/2015
G2,32.9,2.28E-03,S19A,10/24/2015
H2,30.0,2.82E-03,S19A,10/24/2015
A3,50.0,7.76E-05,S19A,10/24/2015
B3,47.1,6.00E-05,S19A,10/24/2015
C3,44.3,6.42E-05,S19A,10/24/2015
D3,41.4,6.87E-04,S19A,10/24/2015
E3,38.6,2.26E-03,S19A,10/24/2015
F3,35.7,2.62E-03,S19A,10/24/2015
G3,32.9,2.37E-03,S19A,10/24/2015
H3,30.0,2.79E-03,S19A,10/24/2015
A4,50.0,4.91E-05,Q384R,10/24/2015
B4,47.1,1.61E-04,Q384R,10/24/2015
C4,44.3,3.62E-04,Q384R,10/24/2015
D4,41.4,7.36E-03,Q384R,10/24/2015
E4,38.6,1.85E-02,Q384R,10/24/2015
F4,35.7,1.88E-02,Q384R,10/24/2015
G4,32.9,1.82E-02,Q384R,10/24/2015
H4,30.0,1.47E-02,Q384R,10/24/2015
A5,50.0,-1.54E-04,Q384R,10/24/2015
B5,47.1,1.05E-04,Q384R,10/24/2015
C5,44.3,3.12E-04,Q384R,10/24/2015
D5,41.4,5.57E-03,Q384R,10/24/2015
E5,38.6,1.83E-02,Q384R,10/24/2015
F5,35.7,1.71E-02,Q384R,10/24/2015
G5,32.9,1.83E-02,Q384R,10/24/2015
H5,30.0,1.69E-02,Q384R,10/24/2015
A6,50.0,1.09E-04,Q384R,10/24/2015
B6,47.1,1.34E-04,Q384R,10/24/2015
C6,44.3,3.02E-04,Q384R,10/24/2015
D6,41.4,5.27E-03,Q384R,10/24/2015
E6,38.6,1.75E-02,Q384R,10/24/2015
F6,35.7,1.56E-02,Q384R,10/24/2015
G6,32.9,1.59E-02,Q384R,10/24/2015
H6,30.0,1.49E-02,Q384R,10/24/2015
A7,50.0,-1.54E-04,Y295A,10/24/2015
B7,47.1,1.36E-04,Y295A,10/24/2015
C7,44.3,5.03E-05,Y295A,10/24/2015
D7,41.4,-3.70E-05,Y295A,10/24/2015
E7,38.6,-4.73E-05,Y295A,10/24/2015
F7,35.7,-1.01E-04,Y295A,10/24/2015
G7,32.9,1.64E-04,Y295A,10/24/2015
H7,30.0,-1.92E-04,Y295A,10/24/2015
A8,50.0,1.18E-04,Y295A,10/24/2015
B8,47.1,7.45E-05,Y295A,10/24/2015
C8,44.3,-1.79E-04,Y295A,10/24/2015
D8,41.4,-9.52E-05,Y295A,10/24/2015
E8,38.6,-1.22E-04,Y295A,10/24/2015
F8,35.7,1.48E-04,Y295A,10/24/2015
G8,32.9,-2.70E-04,Y295A,10/24/2015
H8,30.0,4.48E-05,Y295A,10/24/2015
A9,50.0,1.15E-04,Y295A,10/24/2015
B9,47.1,5.64E-05,Y295A,10/24/2015
C9,44.3,4.67E-05,Y295A,10/24/2015
D9,41.4,5.03E-05,Y295A,10/24/2015
E9,38.6,4.48E-05,Y295A,10/24/2015
F9,35.7,-1.27E-04,Y295A,10/24/2015
G9,32.9,-7.21E-05,Y295A,10/24/2015
H9,30.0,5.52E-05,Y295A,10/24/2015