index,mutant,note
1,c167a,
2,e164a,
3,e222a,
4,e353a,
5,h178a,
6,l171a,
7,m323a,
8,n220a,
9,n293a,
10,q19a,
11,r240a,
12,r76a,
13,s16a,
14,s400a,
15,t296a,
16,w120a,
17,w325a,
18,w34a,
19,w409a,
20,w407q,
21,m323k,
22,w407g,
23,w407r,
24,c167a,dupe of 1
25,w120f,
26,q313r,
27,w407q,dupe of 20
28,e406d,
29,e17s,
30,h315n,
31,c167q,
32,w325l,
33,,
34,,
35,,
36,n220d+n293d,double
37,,NA
38,c167n+w120r,double
39,,NA
40,h122e,
41,n223h,
42,y297f,
43,e180k,
44,e180l,
45,i303n,
46,q316r,
47,s334a,
48,a195s,
49,l174r,
50,t178r,
51,i247n,
52,y169p,
53,f75h,
54,w328l,
55,q22s,
56,h122n,
57,n223g,
58,w328h,
59,s19a,
60,k344a,
61,w402c,
62,m361t,
63,n407c,
64,e426s,
65,v55g,
66,w328c,
67,n166d,
68,h101r,
69,h379t,
70,m261d,
71,h373r,
72,i91e,
73,v147s,
74,p329n,
75,e154d,
76,h379r,
77,q384r,
78,a356a,
79,a357a,
80,a408a,
81,d403a,
82,e177a,
83,e406a,
84,f405a,
85,f415a,
86,g355a,
87,h119a,
88,k413a,
89,l219a,
90,m221a,
91,n163a,
92,n354a,
93,n404a,
94,s14a,
95,s17a,
96,t15a,
97,t218a,
98,t352a,
99,w299a,
100,w407a,
101,y18a,
102,y294a,
103,y295a,
104,e164g,
105,e164r,
106,e222h,
107,e222k,
108,e222q,
109,e222r,
110,e222y,
111,i244e,
112,n163c,
113,n163d,
114,q19c,
115,r240d,
116,r240e,
117,r240k,
118,s298e,
119,w120h,
120,w325g,
121,w325r,
122,w399s,
123,w399c,
124,w399g,
125,w399s,
126,y295g,
127,n293c,
128,l362m,
129,f415n,
130,n293q,
131,n220y,
132,w409y,
133,w399r,
134,h315e,
135,s16n,
136,h178r,
137,n293d,
138,n220r,
139,y294f,
