well,rate,mutant,assay date 
A1,3.38E-04,WT,
B1,2.77E-04,WT,
C1,8.50E-04,WT,
D1,5.58E-02,WT,
E1,1.57E-01,WT,
F1,1.70E-01,WT,
G1,1.73E-01,WT,
H1,1.76E-01,WT,
A2,-1.66E-04,WT,
B2,1.49E-04,WT,
C2,7.58E-04,WT,
D2,5.73E-02,WT,
E2,1.55E-01,WT,
F2,1.61E-01,WT,
G2,1.58E-01,WT,
H2,1.72E-01,WT,
A3,-1.31E-04,WT,
B3,2.04E-04,WT,
C3,8.81E-04,WT,
D3,6.55E-02,WT,
E3,1.54E-01,WT,
F3,1.61E-01,WT,
G3,1.48E-01,WT,
H3,1.75E-01,WT,
A4,-4.82E-04,R76A,
B4,8.71E-05,R76A,
C4,-1.18E-04,R76A,
D4,-3.88E-04,R76A,
E4,-3.83E-03,R76A,
F4,-1.10E-02,R76A,
G4,3.76E-04,R76A,
H4,1.34E-04,R76A,
A5,1.10E-04,R76A,
B5,-1.49E-04,R76A,
C5,1.04E-04,R76A,
D5,8.62E-05,R76A,
E5,-6.52E-03,R76A,
F5,2.37E-04,R76A,
G5,1.76E-04,R76A,
H5,-3.27E-04,R76A,
A6,2.06E-04,R76A,
B6,-7.38E-05,R76A,
C6,-1.94E-04,R76A,
D6,1.70E-04,R76A,
E6,-8.83E-03,R76A,
F6,3.67E-04,R76A,
G6,2.72E-04,R76A,
H6,-4.22E-04,R76A,
A7,1.11E-04,S16A,
B7,-9.93E-05,S16A,
C7,1.39E-04,S16A,
D7,3.23E-03,S16A,
E7,1.36E-02,S16A,
F7,1.31E-02,S16A,
G7,1.43E-02,S16A,
H7,1.38E-02,S16A,
A8,1.45E-04,S16A,
B8,-1.56E-04,S16A,
C8,9.86E-05,S16A,
D8,3.87E-03,S16A,
E8,1.23E-02,S16A,
F8,1.37E-02,S16A,
G8,1.54E-02,S16A,
H8,1.43E-02,S16A,
A9,1.12E-04,S16A,
B9,1.80E-04,S16A,
C9,1.43E-04,S16A,
D9,3.73E-03,S16A,
E9,1.12E-02,S16A,
F9,1.38E-02,S16A,
G9,1.54E-02,S16A,
H9,1.40E-02,S16A,
A10,1.75E-04,S400A,
B10,3.10E-04,S400A,
C10,5.09E-04,S400A,
D10,1.95E-02,S400A,
E10,1.29E-01,S400A,
F10,1.46E-01,S400A,
G10,1.57E-01,S400A,
H10,1.60E-01,S400A,
A11,1.36E-04,S400A,
B11,3.40E-04,S400A,
C11,4.56E-04,S400A,
D11,1.76E-02,S400A,
E11,1.34E-01,S400A,
F11,1.54E-01,S400A,
G11,1.57E-01,S400A,
H11,1.52E-01,S400A,
A12,1.66E-04,S400A,
B12,2.24E-04,S400A,
C12,5.82E-04,S400A,
D12,1.73E-02,S400A,
E12,1.35E-01,S400A,
F12,1.52E-01,S400A,
G12,1.56E-01,S400A,
H12,1.57E-01,S400A,
A1,2.74E-05,C167A,
B1,6.69E-05,C167A,
C1,6.50E-04,C167A,
D1,1.43E-02,C167A,
E1,1.04E-01,C167A,
F1,1.12E-01,C167A,
G1,9.79E-02,C167A,
H1,1.06E-01,C167A,
A2,1.65E-05,C167A,
B2,1.30E-04,C167A,
C2,6.72E-04,C167A,
D2,4.23E-03,C167A,
E2,8.09E-02,C167A,
F2,1.05E-01,C167A,
G2,1.09E-01,C167A,
H2,3.24E-02,C167A,
A3,-2.76E-05,C167A,
B3,3.24E-05,C167A,
C3,6.67E-04,C167A,
D3,9.17E-03,C167A,
E3,9.43E-02,C167A,
F3,1.06E-01,C167A,
G3,8.21E-02,C167A,
H3,6.07E-02,C167A,
A4,-2.05E-05,E53A,
B4,-3.34E-05,E53A,
C4,1.62E-05,E53A,
D4,1.58E-05,E53A,
E4,-5.18E-05,E53A,
F4,-9.20E-05,E53A,
G4,3.64E-05,E53A,
H4,-1.41E-05,E53A,
A5,3.27E-05,E53A,
B5,-1.84E-05,E53A,
C5,2.28E-05,E53A,
D5,-1.74E-05,E53A,
E5,-7.63E-05,E53A,
F5,-6.02E-05,E53A,
G5,-8.34E-05,E53A,
H5,-7.59E-06,E53A,
A6,-2.74E-05,E53A,
B6,-4.08E-05,E53A,
C6,-2.31E-05,E53A,
D6,-1.13E-05,E53A,
E6,-8.61E-05,E53A,
F6,5.43E-05,E53A,
G6,-7.40E-05,E53A,
H6,-1.12E-05,E53A,
A7,2.84E-05,H178A,
B7,2.50E-05,H178A,
C7,-5.29E-05,H178A,
D7,2.31E-04,H178A,
E7,6.42E-04,H178A,
F7,1.61E-03,H178A,
G7,1.70E-03,H178A,
H7,1.90E-03,H178A,
A8,-3.23E-05,H178A,
B8,-2.58E-05,H178A,
C8,-2.34E-05,H178A,
D8,5.95E-05,H178A,
E8,3.20E-04,H178A,
F8,1.31E-03,H178A,
G8,2.42E-03,H178A,
H8,8.83E-04,H178A,
A9,-2.99E-05,H178A,
B9,-2.46E-05,H178A,
C9,-9.14E-05,H178A,
D9,4.86E-05,H178A,
E9,3.66E-04,H178A,
F9,1.48E-03,H178A,
G9,1.07E-03,H178A,
H9,1.62E-03,H178A,
A10,6.02E-05,L171A,
B10,-6.53E-05,L171A,
C10,3.59E-05,L171A,
D10,5.10E-03,L171A,
E10,8.41E-02,L171A,
F10,6.30E-02,L171A,
G10,1.53E-01,L171A,
H10,8.24E-02,L171A,
A11,3.56E-05,L171A,
B11,-4.53E-05,L171A,
C11,1.26E-04,L171A,
D11,4.16E-03,L171A,
E11,1.02E-01,L171A,
F11,1.40E-01,L171A,
G11,1.33E-01,L171A,
H11,1.20E-01,L171A,
A12,4.63E-05,L171A,
B12,6.68E-05,L171A,
C12,6.03E-05,L171A,
D12,3.72E-03,L171A,
E12,1.08E-01,L171A,
F12,1.36E-01,L171A,
G12,1.57E-01,L171A,
H12,8.94E-02,L171A,
A1,-2.42E-02,M323A,
B1,-2.26E-02,M323A,
C1,-1.12E-02,M323A,
D1,9.50E-03,M323A,
E1,6.68E-02,M323A,
F1,6.93E-02,M323A,
G1,7.59E-02,M323A,
H1,7.24E-02,M323A,
A2,-8.73E-03,M323A,
B2,-1.56E-02,M323A,
C2,-1.33E-02,M323A,
D2,-1.28E-02,M323A,
E2,6.68E-02,M323A,
F2,7.30E-02,M323A,
G2,6.89E-02,M323A,
H2,6.73E-02,M323A,
A3,-9.52E-03,M323A,
B3,-1.37E-02,M323A,
C3,-1.14E-02,M323A,
D3,1.11E-02,M323A,
E3,5.93E-02,M323A,
F3,6.31E-02,M323A,
G3,6.88E-02,M323A,
H3,6.25E-02,M323A,
A4,-1.03E-02,Q19A,
B4,-1.30E-02,Q19A,
C4,-1.62E-02,Q19A,
D4,-2.65E-03,Q19A,
E4,-1.43E-02,Q19A,
F4,-1.33E-02,Q19A,
G4,-2.30E-02,Q19A,
H4,3.68E-04,Q19A,
A5,-2.52E-02,Q19A,
B5,-1.51E-02,Q19A,
C5,-6.33E-03,Q19A,
D5,-1.17E-02,Q19A,
E5,-2.13E-02,Q19A,
F5,-1.31E-02,Q19A,
G5,-1.17E-02,Q19A,
H5,4.83E-04,Q19A,
A6,-9.47E-03,Q19A,
B6,-1.81E-02,Q19A,
C6,-1.87E-02,Q19A,
D6,-2.36E-02,Q19A,
E6,-1.29E-02,Q19A,
F6,-6.28E-03,Q19A,
G6,-1.12E-02,Q19A,
H6,-3.25E-03,Q19A,
A7,-2.24E-02,R240A,
B7,-9.15E-03,R240A,
C7,-1.72E-02,R240A,
D7,-1.00E-02,R240A,
E7,8.63E-02,R240A,
F7,1.21E-01,R240A,
G7,1.40E-01,R240A,
H7,1.72E-01,R240A,
A8,-1.00E-02,R240A,
B8,-1.76E-02,R240A,
C8,-2.14E-02,R240A,
D8,8.61E-03,R240A,
E8,1.01E-01,R240A,
F8,1.30E-01,R240A,
G8,1.25E-01,R240A,
H8,1.46E-01,R240A,
A9,-1.48E-02,R240A,
B9,-2.24E-02,R240A,
C9,-3.05E-03,R240A,
D9,6.55E-03,R240A,
E9,1.16E-01,R240A,
F9,1.46E-01,R240A,
G9,1.56E-01,R240A,
H9,1.20E-01,R240A,
A10,-8.29E-03,T296A,
B10,-4.02E-03,T296A,
C10,-7.58E-04,T296A,
D10,-1.72E-02,T296A,
E10,-7.61E-03,T296A,
F10,-1.20E-02,T296A,
G10,-6.11E-03,T296A,
H10,-2.01E-02,T296A,
A11,-5.58E-03,T296A,
B11,-5.60E-03,T296A,
C11,5.32E-04,T296A,
D11,-3.41E-03,T296A,
E11,-1.13E-02,T296A,
F11,-1.93E-02,T296A,
G11,-1.09E-02,T296A,
H11,-6.68E-03,T296A,
A12,-1.04E-02,T296A,
B12,-1.01E-02,T296A,
C12,-4.40E-03,T296A,
D12,-9.12E-03,T296A,
E12,-9.65E-03,T296A,
F12,-1.88E-03,T296A,
G12,1.73E-03,T296A,
H12,-1.78E-02,T296A,
A1,1.29E-04,WT1,
B1,1.44E-04,WT1,
C1,6.93E-04,WT1,
D1,6.28E-02,WT1,
E1,3.07E-01,WT1,
F1,3.01E-01,WT1,
G1,3.05E-01,WT1,
H1,3.43E-01,WT1,
A2,1.64E-04,WT1,
B2,1.28E-04,WT1,
C2,6.59E-04,WT1,
D2,6.53E-02,WT1,
E2,2.95E-01,WT1,
F2,3.14E-01,WT1,
G2,3.26E-01,WT1,
H2,3.05E-01,WT1,
A3,1.04E-04,WT1,
B3,1.28E-04,WT1,
C3,6.14E-04,WT1,
D3,6.45E-02,WT1,
E3,2.92E-01,WT1,
F3,3.08E-01,WT1,
G3,3.44E-01,WT1,
H3,3.42E-01,WT1,
A4,-7.45E-05,N293C,
B4,3.39E-05,N293C,
C4,4.24E-05,N293C,
D4,7.39E-04,N293C,
E4,6.81E-03,N293C,
F4,7.54E-03,N293C,
G4,9.02E-03,N293C,
H4,1.07E-02,N293C,
A5,4.42E-05,N293C,
B5,-1.15E-04,N293C,
C5,-4.30E-05,N293C,
D5,6.73E-04,N293C,
E5,7.12E-03,N293C,
F5,8.91E-03,N293C,
G5,1.05E-02,N293C,
H5,1.09E-02,N293C,
A6,6.06E-05,N293C,
B6,4.48E-05,N293C,
C6,-4.36E-05,N293C,
D6,4.66E-04,N293C,
E6,6.84E-03,N293C,
F6,9.48E-03,N293C,
G6,7.07E-03,N293C,
H6,6.87E-03,N293C,
A7,6.57E-04,L362M,
B7,2.10E-04,L362M,
C7,1.14E-03,L362M,
D7,7.40E-02,L362M,
E7,2.62E-01,L362M,
F7,3.11E-01,L362M,
G7,3.50E-01,L362M,
H7,3.54E-01,L362M,
A8,2.01E-04,L362M,
B8,2.28E-04,L362M,
C8,9.85E-04,L362M,
D8,1.09E-01,L362M,
E8,2.91E-01,L362M,
F8,3.00E-01,L362M,
G8,3.45E-01,L362M,
H8,3.47E-01,L362M,
A9,1.20E-04,L362M,
B9,2.38E-04,L362M,
C9,1.18E-03,L362M,
D9,1.04E-01,L362M,
E9,2.75E-01,L362M,
F9,2.85E-01,L362M,
G9,3.36E-01,L362M,
H9,3.68E-01,L362M,
A10,4.97E-05,F415N,
B10,-7.33E-05,F415N,
C10,-4.61E-05,F415N,
D10,1.16E-04,F415N,
E10,2.22E-04,F415N,
F10,2.61E-04,F415N,
G10,1.99E-04,F415N,
H10,2.19E-04,F415N,
A11,5.76E-05,F415N,
B11,7.52E-05,F415N,
C11,4.12E-05,F415N,
D11,9.82E-05,F415N,
E11,2.30E-04,F415N,
F11,2.38E-04,F415N,
G11,2.62E-04,F415N,
H11,2.13E-04,F415N,
A12,1.07E-04,F415N,
B12,7.88E-05,F415N,
C12,2.53E-04,F415N,
D12,6.00E-05,F415N,
E12,2.26E-04,F415N,
F12,2.35E-04,F415N,
G12,2.14E-04,F415N,
H12,2.13E-04,F415N,
A1,-1.18E-04,N293Q,
B1,-3.45E-05,N293Q,
C1,2.55E-05,N293Q,
D1,1.22E-04,N293Q,
E1,1.93E-03,N293Q,
F1,2.83E-03,N293Q,
G1,3.05E-03,N293Q,
H1,3.00E-03,N293Q,
A2,-9.21E-05,N293Q,
B2,-3.15E-05,N293Q,
C2,3.58E-05,N293Q,
D2,1.05E-04,N293Q,
E2,1.92E-03,N293Q,
F2,2.87E-03,N293Q,
G2,2.89E-03,N293Q,
H2,2.83E-03,N293Q,
A3,-5.39E-05,N293Q,
B3,-2.24E-05,N293Q,
C3,-2.85E-05,N293Q,
D3,1.28E-04,N293Q,
E3,1.80E-03,N293Q,
F3,2.70E-03,N293Q,
G3,2.68E-03,N293Q,
H3,2.47E-03,N293Q,
A4,2.76E-04,N220Y,
B4,1.91E-03,N220Y,
C4,1.13E-02,N220Y,
D4,1.78E-01,N220Y,
A5,3.30E-04,N220Y,
B5,1.76E-03,N220Y,
C5,9.72E-03,N220Y,
D5,1.63E-01,N220Y,
E5,3.12E-01,N220Y,
A6,3.15E-04,N220Y,
B6,1.48E-03,N220Y,
C6,8.05E-03,N220Y,
D6,1.54E-01,N220Y,
A7,1.25E-04,W409Y,
B7,2.64E-04,W409Y,
C7,7.33E-04,W409Y,
D7,9.77E-02,W409Y,
A8,1.22E-04,W409Y,
B8,2.45E-04,W409Y,
C8,1.06E-03,W409Y,
D8,1.23E-01,W409Y,
A9,1.15E-04,W409Y,
B9,2.98E-04,W409Y,
C9,9.00E-04,W409Y,
D9,1.26E-01,W409Y,
A10,5.21E-05,W399R,
B10,-2.61E-05,W399R,
C10,2.67E-05,W399R,
D10,8.12E-05,W399R,
E10,4.18E-05,W399R,
F10,1.16E-04,W399R,
G10,1.38E-04,W399R,
H10,-1.39E-04,W399R,
A11,4.48E-05,W399R,
B11,5.03E-05,W399R,
C11,3.52E-05,W399R,
D11,7.39E-05,W399R,
E11,5.52E-05,W399R,
F11,5.15E-05,W399R,
G11,4.12E-05,W399R,
H11,6.24E-05,W399R,
A12,-6.06E-05,W399R,
B12,6.18E-05,W399R,
C12,5.03E-05,W399R,
D12,6.61E-05,W399R,
E12,3.82E-05,W399R,
F12,4.91E-05,W399R,
G12,5.15E-05,W399R,
H12,1.75E-04,W399R,
A1,4.12E-05,N220R,
B1,5.21E-05,N220R,
C1,5.33E-05,N220R,
D1,9.30E-04,N220R,
E1,3.93E-03,N220R,
F1,5.28E-03,N220R,
G1,4.88E-03,N220R,
H1,3.14E-03,N220R,
A2,9.70E-05,N220R,
B2,-7.82E-05,N220R,
C2,6.30E-05,N220R,
D2,9.39E-04,N220R,
E2,3.42E-03,N220R,
F2,5.40E-03,N220R,
G2,4.34E-03,N220R,
H2,5.23E-03,N220R,
A3,5.15E-05,N220R,
B3,5.45E-05,N220R,
C3,3.76E-05,N220R,
D3,1.19E-03,N220R,
E3,3.26E-03,N220R,
F3,4.37E-03,N220R,
G3,4.72E-03,N220R,
H3,4.41E-03,N220R,
A4,9.82E-05,Y294F,
B4,1.79E-04,Y294F,
C4,1.28E-03,Y294F,
D4,1.42E-01,Y294F,
E4,3.47E-01,Y294F,
F4,3.37E-01,Y294F,
G4,3.33E-01,Y294F,
H4,3.69E-01,Y294F,
A5,1.26E-04,Y294F,
B5,1.98E-04,Y294F,
C5,8.24E-04,Y294F,
D5,1.14E-01,Y294F,
E5,3.50E-01,Y294F,
F5,3.35E-01,Y294F,
G5,3.51E-01,Y294F,
H5,3.72E-01,Y294F,
A6,1.38E-04,Y294F,
B6,1.58E-04,Y294F,
C6,8.85E-04,Y294F,
D6,9.46E-02,Y294F,
E6,3.37E-01,Y294F,
F6,3.56E-01,Y294F,
G6,3.39E-01,Y294F,
H6,3.67E-01,Y294F,
A1,-6.30E-05,WT,
B1,-6.12E-05,WT,
C1,4.37E-04,WT,
D1,8.82E-03,WT,
E1,3.41E-02,WT,
F1,3.75E-02,WT,
G1,3.93E-02,WT,
H1,3.08E-02,WT,
A2,-4.61E-05,WT,
B2,4.42E-05,WT,
C2,3.93E-04,WT,
D2,8.68E-03,WT,
E2,3.16E-02,WT,
F2,3.72E-02,WT,
G2,4.16E-02,WT,
H2,3.30E-02,WT,
A3,5.39E-05,WT,
B3,7.21E-05,WT,
C3,3.93E-04,WT,
D3,8.94E-03,WT,
E3,3.13E-02,WT,
F3,3.87E-02,WT,
G3,4.01E-02,WT,
H3,3.64E-02,WT,
A4,-8.79E-05,N223H,
B4,6.24E-05,N223H,
C4,7.64E-05,N223H,
D4,6.44E-04,N223H,
E4,2.92E-03,N223H,
F4,6.33E-03,N223H,
G4,6.69E-03,N223H,
H4,4.87E-03,N223H,
A5,-4.12E-05,N223H,
B5,3.45E-05,N223H,
C5,6.79E-05,N223H,
D5,6.71E-04,N223H,
E5,5.09E-03,N223H,
F5,6.53E-03,N223H,
G5,6.49E-03,N223H,
H5,4.02E-03,N223H,
A6,4.48E-05,N223H,
B6,-5.70E-05,N223H,
C6,9.70E-05,N223H,
D6,4.67E-04,N223H,
E6,5.22E-03,N223H,
F6,6.59E-03,N223H,
G6,6.23E-03,N223H,
H6,4.58E-03,N223H,
A7,7.88E-04,Y297F,
B7,7.80E-04,Y297F,
C7,1.22E-03,Y297F,
D7,1.80E-02,Y297F,
E7,1.15E-01,Y297F,
F7,1.34E-01,Y297F,
G7,1.30E-01,Y297F,
H7,1.39E-01,Y297F,
A8,8.48E-04,Y297F,
B8,8.63E-04,Y297F,
C8,1.32E-03,Y297F,
D8,2.09E-02,Y297F,
E8,1.10E-01,Y297F,
F8,1.36E-01,Y297F,
G8,1.32E-01,Y297F,
H8,1.16E-01,Y297F,
A9,7.94E-04,Y297F,
B9,8.48E-04,Y297F,
C9,1.30E-03,Y297F,
D9,2.08E-02,Y297F,
E9,1.11E-01,Y297F,
F9,1.28E-01,Y297F,
G9,1.30E-01,Y297F,
H9,1.04E-01,Y297F,
A10,3.88E-05,E180K,
B10,6.00E-05,E180K,
C10,9.88E-05,E180K,
D10,1.19E-03,E180K,
E10,7.05E-03,E180K,
F10,9.80E-03,E180K,
G10,1.38E-02,E180K,
H10,1.33E-02,E180K,
A11,-6.79E-05,E180K,
B11,1.07E-04,E180K,
C11,9.64E-05,E180K,
D11,1.60E-03,E180K,
E11,7.36E-03,E180K,
F11,1.04E-02,E180K,
G11,1.32E-02,E180K,
H11,1.14E-02,E180K,
A12,-2.55E-03,E180K,
B12,5.03E-05,E180K,
C12,1.27E-04,E180K,
D12,1.32E-03,E180K,
E12,7.04E-03,E180K,
F12,9.59E-03,E180K,
G12,1.31E-02,E180K,
H12,1.04E-02,E180K,
A1,3.70E-05,E180L,
B1,6.79E-05,E180L,
C1,1.89E-04,E180L,
D1,5.56E-03,E180L,
E1,5.32E-02,E180L,
F1,7.36E-02,E180L,
G1,8.00E-02,E180L,
H1,8.24E-02,E180L,
A2,3.33E-05,E180L,
B2,4.00E-05,E180L,
C2,1.82E-04,E180L,
D2,5.51E-03,E180L,
E2,5.98E-02,E180L,
F2,9.44E-02,E180L,
G2,8.94E-02,E180L,
H2,8.75E-02,E180L,
A3,4.48E-05,E180L,
B3,7.21E-05,E180L,
C3,1.88E-04,E180L,
D3,6.07E-03,E180L,
E3,5.17E-02,E180L,
F3,8.96E-02,E180L,
G3,5.87E-02,E180L,
H3,8.66E-02,E180L,
A4,7.45E-05,I300N,
B4,2.41E-04,I300N,
C4,1.01E-03,I300N,
D4,5.69E-03,I300N,
E4,2.46E-02,I300N,
F4,3.48E-02,I300N,
G4,4.64E-02,I300N,
H4,4.57E-02,I300N,
A5,7.15E-05,I300N,
B5,2.39E-04,I300N,
C5,9.21E-04,I300N,
D5,6.44E-03,I300N,
E5,2.15E-02,I300N,
F5,4.07E-02,I300N,
G5,4.61E-02,I300N,
H5,4.86E-02,I300N,
A6,7.33E-05,I300N,
B6,2.15E-04,I300N,
C6,6.76E-04,I300N,
D6,5.56E-03,I300N,
E6,2.17E-02,I300N,
F6,3.64E-02,I300N,
G6,4.66E-02,I300N,
H6,4.38E-02,I300N,
A7,5.76E-05,Q316R,
B7,6.24E-05,Q316R,
C7,2.98E-04,Q316R,
D7,9.35E-03,Q316R,
E7,4.33E-02,Q316R,
F7,5.04E-02,Q316R,
G7,5.76E-02,Q316R,
H7,5.75E-02,Q316R,
A8,5.58E-05,Q316R,
B8,8.42E-05,Q316R,
C8,3.48E-04,Q316R,
D8,1.30E-02,Q316R,
E8,3.39E-02,Q316R,
F8,5.24E-02,Q316R,
G8,5.85E-02,Q316R,
H8,6.09E-02,Q316R,
A9,6.55E-05,Q316R,
B9,9.88E-05,Q316R,
C9,3.80E-04,Q316R,
D9,1.20E-02,Q316R,
E9,4.39E-02,Q316R,
F9,5.88E-02,Q316R,
G9,6.80E-02,Q316R,
H9,5.21E-02,Q316R,
A4,1.12E-04,K344A,9/19/2015
B4,2.21E-04,K344A,9/19/2015
C4,6.10E-04,K344A,9/19/2015
D4,2.99E-02,K344A,9/19/2015
E4,3.13E-01,K344A,9/19/2015
F4,3.23E-01,K344A,9/19/2015
G4,3.43E-01,K344A,9/19/2015
H4,3.38E-01,K344A,9/19/2015
A5,9.39E-05,K344A,9/19/2015
B5,1.87E-04,K344A,9/19/2015
C5,5.35E-04,K344A,9/19/2015
D5,2.73E-02,K344A,9/19/2015
E5,3.15E-01,K344A,9/19/2015
F5,3.23E-01,K344A,9/19/2015
G5,3.35E-01,K344A,9/19/2015
H5,3.37E-01,K344A,9/19/2015
A6,1.12E-04,K344A,9/19/2015
B6,2.27E-04,K344A,9/19/2015
C6,5.12E-04,K344A,9/19/2015
D6,2.06E-02,K344A,9/19/2015
E6,3.13E-01,K344A,9/19/2015
F6,3.37E-01,K344A,9/19/2015
G6,3.30E-01,K344A,9/19/2015
H6,3.42E-01,K344A,9/19/2015
A7,6.97E-05,W402C,9/19/2015
B7,-5.21E-05,W402C,9/19/2015
C7,-1.00E-04,W402C,9/19/2015
D7,1.20E-04,W402C,9/19/2015
E7,3.92E-04,W402C,9/19/2015
F7,3.87E-04,W402C,9/19/2015
G7,4.02E-04,W402C,9/19/2015
H7,4.81E-04,W402C,9/19/2015
A8,8.91E-05,W402C,9/19/2015
B8,1.59E-04,W402C,9/19/2015
C8,-1.09E-04,W402C,9/19/2015
D8,1.56E-04,W402C,9/19/2015
E8,3.25E-04,W402C,9/19/2015
F8,3.71E-04,W402C,9/19/2015
G8,4.24E-04,W402C,9/19/2015
H8,3.98E-04,W402C,9/19/2015
A9,-8.73E-05,W402C,9/19/2015
B9,-6.61E-05,W402C,9/19/2015
C9,-1.09E-04,W402C,9/19/2015
D9,1.57E-04,W402C,9/19/2015
E9,3.87E-04,W402C,9/19/2015
F9,3.43E-04,W402C,9/19/2015
G9,3.25E-04,W402C,9/19/2015
H9,3.19E-04,W402C,9/19/2015
A10,8.79E-05,M261T,9/19/2015
B10,1.30E-04,M261T,9/19/2015
C10,2.39E-04,M261T,9/19/2015
D10,1.40E-02,M261T,9/19/2015
E10,2.07E-01,M261T,9/19/2015
F10,2.25E-01,M261T,9/19/2015
G10,2.51E-01,M261T,9/19/2015
H10,2.73E-01,M261T,9/19/2015
A11,2.13E-04,M261T,9/19/2015
B11,8.06E-05,M261T,9/19/2015
C11,2.71E-04,M261T,9/19/2015
D11,1.12E-02,M261T,9/19/2015
E11,2.15E-01,M261T,9/19/2015
F11,2.47E-01,M261T,9/19/2015
G11,2.52E-01,M261T,9/19/2015
H11,2.58E-01,M261T,9/19/2015
A12,1.35E-04,M261T,9/19/2015
B12,3.15E-04,M261T,9/19/2015
C12,2.36E-04,M261T,9/19/2015
D12,1.04E-02,M261T,9/19/2015
E12,2.25E-01,M261T,9/19/2015
F12,2.23E-01,M261T,9/19/2015
G12,2.32E-01,M261T,9/19/2015
H12,2.66E-01,M261T,9/19/2015
A1,0.0,N407C,9/19/2015
B1,0.0,N407C,9/19/2015
C1,0.0,N407C,9/19/2015
D1,0.0,N407C,9/19/2015
E1,0.0,N407C,9/19/2015
F1,0.1,N407C,9/19/2015
G1,4.63E-02,N407C,9/19/2015
H1,5.05E-02,N407C,9/19/2015
A2,8.00E-05,N407C,9/19/2015
B2,1.50E-04,N407C,9/19/2015
C2,1.16E-03,N407C,9/19/2015
D2,3.28E-02,N407C,9/19/2015
E2,4.24E-02,N407C,9/19/2015
F2,4.72E-02,N407C,9/19/2015
G2,5.21E-02,N407C,9/19/2015
H2,5.29E-02,N407C,9/19/2015
A3,6.00E-05,N407C,9/19/2015
B3,1.40E-04,N407C,9/19/2015
C3,1.27E-03,N407C,9/19/2015
D3,3.92E-02,N407C,9/19/2015
E3,4.33E-02,N407C,9/19/2015
F3,4.75E-02,N407C,9/19/2015
G3,4.85E-02,N407C,9/19/2015
H3,5.08E-02,N407C,9/19/2015
A4,8.00E-05,E426S,9/19/2015
B4,1.60E-04,E426S,9/19/2015
C4,4.10E-04,E426S,9/19/2015
D4,2.57E-02,E426S,9/19/2015
E4,3.60E-01,E426S,9/19/2015
F4,4.07E-01,E426S,9/19/2015
G4,4.48E-01,E426S,9/19/2015
H4,4.58E-01,E426S,9/19/2015
A5,1.00E-04,E426S,9/19/2015
B5,1.30E-04,E426S,9/19/2015
C5,2.30E-04,E426S,9/19/2015
D5,2.22E-02,E426S,9/19/2015
E5,3.58E-01,E426S,9/19/2015
F5,4.40E-01,E426S,9/19/2015
G5,4.68E-01,E426S,9/19/2015
H5,4.48E-01,E426S,9/19/2015
A6,9.00E-05,E426S,9/19/2015
B6,1.30E-04,E426S,9/19/2015
C6,3.50E-04,E426S,9/19/2015
D6,1.63E-02,E426S,9/19/2015
E6,3.78E-01,E426S,9/19/2015
F6,4.42E-01,E426S,9/19/2015
G6,4.52E-01,E426S,9/19/2015
H6,4.50E-01,E426S,9/19/2015
A7,1.00E-04,V55G,9/19/2015
B7,1.50E-04,V55G,9/19/2015
C7,2.60E-04,V55G,9/19/2015
D7,1.74E-02,V55G,9/19/2015
E7,3.12E-01,V55G,9/19/2015
F7,3.78E-01,V55G,9/19/2015
G7,4.25E-01,V55G,9/19/2015
H7,4.41E-01,V55G,9/19/2015
A8,1.00E-04,V55G,9/19/2015
B8,1.50E-04,V55G,9/19/2015
C8,1.70E-04,V55G,9/19/2015
D8,2.48E-02,V55G,9/19/2015
E8,3.08E-01,V55G,9/19/2015
F8,3.87E-01,V55G,9/19/2015
G8,4.20E-01,V55G,9/19/2015
H8,4.54E-01,V55G,9/19/2015
A9,1.10E-04,V55G,9/19/2015
B9,1.50E-04,V55G,9/19/2015
C9,3.60E-04,V55G,9/19/2015
D9,2.48E-02,V55G,9/19/2015
E9,3.09E-01,V55G,9/19/2015
F9,3.81E-01,V55G,9/19/2015
G9,4.28E-01,V55G,9/19/2015
H9,4.22E-01,V55G,9/19/2015
A10,-4.00E-05,W328C,9/19/2015
B10,7.00E-05,W328C,9/19/2015
C10,-1.80E-04,W328C,9/19/2015
D10,1.70E-03,W328C,9/19/2015
E10,1.16E-02,W328C,9/19/2015
F10,1.44E-02,W328C,9/19/2015
G10,1.54E-02,W328C,9/19/2015
H10,1.82E-02,W328C,9/19/2015
A11,-1.30E-04,W328C,9/19/2015
B11,7.00E-05,W328C,9/19/2015
C11,-5.00E-05,W328C,9/19/2015
D11,1.28E-03,W328C,9/19/2015
E11,1.17E-02,W328C,9/19/2015
F11,1.60E-02,W328C,9/19/2015
G11,1.65E-02,W328C,9/19/2015
H11,1.60E-02,W328C,9/19/2015
A12,6.00E-05,W328C,9/19/2015
B12,-9.00E-05,W328C,9/19/2015
C12,1.00E-04,W328C,9/19/2015
D12,1.29E-03,W328C,9/19/2015
E12,1.27E-02,W328C,9/19/2015
F12,1.78E-02,W328C,9/19/2015
G12,1.58E-02,W328C,9/19/2015
H12,1.53E-02,W328C,9/19/2015
A1,8.00E-05,N166D,9/19/2015
B1,8.00E-05,N166D,9/19/2015
C1,1.10E-04,N166D,9/19/2015
D1,2.90E-04,N166D,9/19/2015
E1,2.48E-03,N166D,9/19/2015
F1,3.01E-03,N166D,9/19/2015
G1,3.15E-03,N166D,9/19/2015
H1,4.36E-03,N166D,9/19/2015
A2,1.00E-04,N166D,9/19/2015
B2,1.00E-04,N166D,9/19/2015
C2,8.00E-05,N166D,9/19/2015
D2,6.20E-04,N166D,9/19/2015
E2,2.27E-03,N166D,9/19/2015
F2,3.04E-03,N166D,9/19/2015
G2,3.35E-03,N166D,9/19/2015
H2,4.90E-03,N166D,9/19/2015
A3,8.00E-05,N166D,9/19/2015
B3,9.00E-05,N166D,9/19/2015
C3,1.00E-04,N166D,9/19/2015
D3,3.30E-04,N166D,9/19/2015
E3,2.39E-03,N166D,9/19/2015
F3,3.06E-03,N166D,9/19/2015
G3,4.04E-03,N166D,9/19/2015
H3,4.27E-03,N166D,9/19/2015
A4,1.60E-04,H101R,9/19/2015
B4,3.70E-04,H101R,9/19/2015
C4,1.09E-03,H101R,9/19/2015
D4,1.48E-01,H101R,9/19/2015
E4,4.54E-01,H101R,9/19/2015
F4,5.05E-01,H101R,9/19/2015
G4,5.70E-01,H101R,9/19/2015
H4,5.56E-01,H101R,9/19/2015
A5,1.60E-04,H101R,9/19/2015
B5,2.30E-04,H101R,9/19/2015
C5,1.00E-03,H101R,9/19/2015
D5,1.16E-01,H101R,9/19/2015
E5,4.70E-01,H101R,9/19/2015
F5,5.06E-01,H101R,9/19/2015
G5,5.38E-01,H101R,9/19/2015
H5,5.53E-01,H101R,9/19/2015
A6,2.10E-04,H101R,9/19/2015
B6,2.60E-04,H101R,9/19/2015
C6,9.10E-04,H101R,9/19/2015
D6,9.06E-02,H101R,9/19/2015
E6,4.51E-01,H101R,9/19/2015
F6,5.18E-01,H101R,9/19/2015
G6,5.27E-01,H101R,9/19/2015
H6,5.20E-01,H101R,9/19/2015
A7,1.00E-04,H379T,9/19/2015
B7,2.60E-04,H379T,9/19/2015
C7,-1.00E-04,H379T,9/19/2015
D7,1.20E-04,H379T,9/19/2015
E7,2.40E-04,H379T,9/19/2015
F7,1.40E-04,H379T,9/19/2015
G7,1.30E-04,H379T,9/19/2015
H7,2.00E-04,H379T,9/19/2015
A8,2.70E-04,H379T,9/19/2015
B8,1.90E-04,H379T,9/19/2015
C8,1.40E-04,H379T,9/19/2015
D8,2.30E-04,H379T,9/19/2015
E8,1.10E-04,H379T,9/19/2015
F8,1.40E-04,H379T,9/19/2015
G8,1.50E-04,H379T,9/19/2015
H8,1.70E-04,H379T,9/19/2015
A9,-1.50E-04,H379T,9/19/2015
B9,4.30E-04,H379T,9/19/2015
C9,1.20E-04,H379T,9/19/2015
D9,1.00E-04,H379T,9/19/2015
E9,2.60E-04,H379T,9/19/2015
F9,1.40E-04,H379T,9/19/2015
G9,9.40E-04,H379T,9/19/2015
H9,1.10E-04,H379T,9/19/2015
A10,2.10E-04,M261D,9/19/2015
B10,-4.20E-04,M261D,9/19/2015
C10,1.40E-04,M261D,9/19/2015
D10,1.90E-04,M261D,9/19/2015
E10,-3.30E-04,M261D,9/19/2015
F10,1.30E-04,M261D,9/19/2015
G10,-6.70E-04,M261D,9/19/2015
H10,4.40E-04,M261D,9/19/2015
A11,2.40E-04,M261D,9/19/2015
B11,-3.40E-04,M261D,9/19/2015
C11,1.60E-04,M261D,9/19/2015
D11,3.50E-04,M261D,9/19/2015
E11,2.30E-04,M261D,9/19/2015
F11,1.60E-04,M261D,9/19/2015
G11,2.80E-04,M261D,9/19/2015
H11,5.40E-04,M261D,9/19/2015
A12,2.40E-04,M261D,9/19/2015
B12,-1.00E-04,M261D,9/19/2015
C12,-1.70E-04,M261D,9/19/2015
D12,-1.80E-04,M261D,9/19/2015
E12,-3.50E-04,M261D,9/19/2015
F12,1.10E-04,M261D,9/19/2015
G12,2.60E-04,M261D,9/19/2015
H12,4.00E-04,M261D,9/19/2015
A4,1.30E-04,H373R,9/26/2015
B4,8.00E-05,H373R,9/26/2015
C4,2.10E-04,H373R,9/26/2015
D4,4.07E-03,H373R,9/26/2015
E4,1.14E-01,H373R,9/26/2015
F4,1.60E-01,H373R,9/26/2015
G4,1.62E-01,H373R,9/26/2015
H4,1.16E-01,H373R,9/26/2015
A5,-1.30E-04,H373R,9/26/2015
B5,1.30E-04,H373R,9/26/2015
C5,1.80E-04,H373R,9/26/2015
D5,3.55E-03,H373R,9/26/2015
E5,1.10E-01,H373R,9/26/2015
F5,1.36E-01,H373R,9/26/2015
G5,1.73E-01,H373R,9/26/2015
H5,1.35E-01,H373R,9/26/2015
A6,7.00E-05,H373R,9/26/2015
B6,8.00E-05,H373R,9/26/2015
C6,2.30E-04,H373R,9/26/2015
D6,3.14E-03,H373R,9/26/2015
E6,1.44E-01,H373R,9/26/2015
F6,1.32E-01,H373R,9/26/2015
G6,1.82E-01,H373R,9/26/2015
H6,1.50E-01,H373R,9/26/2015
A7,7.00E-05,E154D,9/26/2015
B7,-8.00E-05,E154D,9/26/2015
C7,1.50E-04,E154D,9/26/2015
D7,1.97E-03,E154D,9/26/2015
E7,1.70E-02,E154D,9/26/2015
F7,2.50E-02,E154D,9/26/2015
G7,2.94E-02,E154D,9/26/2015
H7,1.44E-02,E154D,9/26/2015
A8,-1.30E-04,E154D,9/26/2015
B8,1.10E-04,E154D,9/26/2015
C8,2.70E-04,E154D,9/26/2015
D8,2.29E-03,E154D,9/26/2015
E8,1.71E-02,E154D,9/26/2015
F8,2.33E-02,E154D,9/26/2015
G8,2.93E-02,E154D,9/26/2015
H8,2.39E-02,E154D,9/26/2015
A9,1.00E-04,E154D,9/26/2015
B9,8.00E-05,E154D,9/26/2015
C9,-7.80E-04,E154D,9/26/2015
D9,2.50E-03,E154D,9/26/2015
E9,1.55E-02,E154D,9/26/2015
F9,2.61E-02,E154D,9/26/2015
G9,2.72E-02,E154D,9/26/2015
H9,2.60E-02,E154D,9/26/2015
A10,9.00E-05,H379R,9/26/2015
B10,-1.00E-04,H379R,9/26/2015
C10,-1.60E-04,H379R,9/26/2015
D10,9.00E-05,H379R,9/26/2015
E10,6.00E-05,H379R,9/26/2015
F10,-8.00E-05,H379R,9/26/2015
G10,-2.10E-04,H379R,9/26/2015
H10,-9.00E-05,H379R,9/26/2015
A11,-1.10E-04,H379R,9/26/2015
B11,-1.10E-04,H379R,9/26/2015
C11,8.00E-05,H379R,9/26/2015
D11,8.00E-05,H379R,9/26/2015
E11,-1.90E-04,H379R,9/26/2015
F11,-8.00E-05,H379R,9/26/2015
G11,-3.03E-03,H379R,9/26/2015
H11,-1.40E-04,H379R,9/26/2015
A12,-8.00E-05,H379R,9/26/2015
B12,1.30E-04,H379R,9/26/2015
C12,-1.00E-04,H379R,9/26/2015
D12,-8.00E-05,H379R,9/26/2015
E12,-1.50E-04,H379R,9/26/2015
F12,9.00E-05,H379R,9/26/2015
G12,-1.10E-04,H379R,9/26/2015
H12,-8.00E-05,H379R,9/26/2015
A1,1.00E-04,A356A,9/26/2015
B1,1.90E-04,A356A,9/26/2015
C1,6.80E-04,A356A,9/26/2015
D1,5.77E-02,A356A,9/26/2015
E1,3.62E-01,A356A,9/26/2015
F1,4.37E-01,A356A,9/26/2015
G1,4.21E-01,A356A,9/26/2015
H1,4.35E-01,A356A,9/26/2015
A2,9.00E-05,A356A,9/26/2015
B2,1.50E-04,A356A,9/26/2015
C2,6.20E-04,A356A,9/26/2015
D2,5.82E-02,A356A,9/26/2015
E2,3.55E-01,A356A,9/26/2015
F2,3.88E-01,A356A,9/26/2015
G2,4.03E-01,A356A,9/26/2015
H2,4.19E-01,A356A,9/26/2015
A3,1.00E-04,A356A,9/26/2015
B3,1.60E-04,A356A,9/26/2015
C3,6.90E-04,A356A,9/26/2015
D3,6.94E-02,A356A,9/26/2015
E3,3.58E-01,A356A,9/26/2015
F3,3.67E-01,A356A,9/26/2015
G3,3.97E-01,A356A,9/26/2015
H3,4.08E-01,A356A,9/26/2015
A4,8.00E-05,E177A,9/26/2015
B4,-8.00E-05,E177A,9/26/2015
C4,1.80E-04,E177A,9/26/2015
D4,3.93E-03,E177A,9/26/2015
E4,8.43E-02,E177A,9/26/2015
F4,9.34E-02,E177A,9/26/2015
G4,1.76E-01,E177A,9/26/2015
H4,1.95E-01,E177A,9/26/2015
A5,-1.00E-04,E177A,9/26/2015
B5,-8.00E-05,E177A,9/26/2015
C5,1.70E-04,E177A,9/26/2015
D5,3.72E-03,E177A,9/26/2015
E5,8.75E-02,E177A,9/26/2015
F5,1.49E-01,E177A,9/26/2015
G5,1.70E-01,E177A,9/26/2015
H5,1.98E-01,E177A,9/26/2015
A6,7.80E-04,E177A,9/26/2015
B6,1.00E-04,E177A,9/26/2015
C6,2.40E-04,E177A,9/26/2015
D6,2.93E-03,E177A,9/26/2015
E6,8.85E-02,E177A,9/26/2015
F6,1.45E-01,E177A,9/26/2015
G6,1.68E-01,E177A,9/26/2015
H6,1.81E-01,E177A,9/26/2015
A7,1.10E-04,A408A,9/26/2015
B7,1.70E-04,A408A,9/26/2015
C7,5.90E-04,A408A,9/26/2015
D7,5.15E-02,A408A,9/26/2015
E7,3.77E-01,A408A,9/26/2015
F7,4.28E-01,A408A,9/26/2015
G7,4.31E-01,A408A,9/26/2015
H7,3.94E-01,A408A,9/26/2015
A8,1.00E-04,A408A,9/26/2015
B8,1.90E-04,A408A,9/26/2015
C8,6.30E-04,A408A,9/26/2015
D8,6.26E-02,A408A,9/26/2015
E8,4.08E-01,A408A,9/26/2015
F8,4.00E-01,A408A,9/26/2015
G8,4.49E-01,A408A,9/26/2015
H8,4.42E-01,A408A,9/26/2015
A9,-1.30E-04,A408A,9/26/2015
B9,1.70E-04,A408A,9/26/2015
C9,6.80E-04,A408A,9/26/2015
D9,6.16E-02,A408A,9/26/2015
E9,3.79E-01,A408A,9/26/2015
F9,4.23E-01,A408A,9/26/2015
G9,4.45E-01,A408A,9/26/2015
H9,4.55E-01,A408A,9/26/2015
A10,-1.10E-04,D403A,9/26/2015
B10,-6.00E-05,D403A,9/26/2015
C10,-8.00E-05,D403A,9/26/2015
D10,-5.00E-05,D403A,9/26/2015
E10,-7.00E-05,D403A,9/26/2015
F10,-1.10E-04,D403A,9/26/2015
G10,6.00E-05,D403A,9/26/2015
H10,5.00E-05,D403A,9/26/2015
A11,7.00E-05,D403A,9/26/2015
B11,-9.00E-05,D403A,9/26/2015
C11,-9.00E-05,D403A,9/26/2015
D11,-9.00E-05,D403A,9/26/2015
E11,-8.00E-05,D403A,9/26/2015
F11,-5.00E-05,D403A,9/26/2015
G11,-5.00E-05,D403A,9/26/2015
H11,-7.00E-05,D403A,9/26/2015
A12,9.00E-05,D403A,9/26/2015
B12,-5.00E-05,D403A,9/26/2015
C12,-6.00E-05,D403A,9/26/2015
D12,-6.00E-05,D403A,9/26/2015
E12,-6.00E-05,D403A,9/26/2015
F12,-8.00E-05,D403A,9/26/2015
G12,1.00E-04,D403A,9/26/2015
H12,6.00E-05,D403A,9/26/2015
A1,1.20E-04,S334A,10/2/2015
B1,1.30E-04,S334A,10/2/2015
C1,4.60E-04,S334A,10/2/2015
D1,9.49E-03,S334A,10/2/2015
E1,3.23E-02,S334A,10/2/2015
F1,2.96E-02,S334A,10/2/2015
G1,5.07E-02,S334A,10/2/2015
H1,4.20E-02,S334A,10/2/2015
A2,9.00E-05,S334A,10/2/2015
B2,1.70E-04,S334A,10/2/2015
C2,4.90E-04,S334A,10/2/2015
D2,9.94E-03,S334A,10/2/2015
E2,2.58E-02,S334A,10/2/2015
F2,4.14E-02,S334A,10/2/2015
G2,4.62E-02,S334A,10/2/2015
H2,3.96E-02,S334A,10/2/2015
A3,9.00E-05,S334A,10/2/2015
B3,2.10E-04,S334A,10/2/2015
C3,7.80E-04,S334A,10/2/2015
D3,1.31E-02,S334A,10/2/2015
E3,3.84E-02,S334A,10/2/2015
F3,4.27E-02,S334A,10/2/2015
G3,4.88E-02,S334A,10/2/2015
H3,3.85E-02,S334A,10/2/2015
A4,1.30E-04,A195S,10/2/2015
B4,8.00E-05,A195S,10/2/2015
C4,2.10E-04,A195S,10/2/2015
D4,4.07E-03,A195S,10/2/2015
E4,1.14E-01,A195S,10/2/2015
F4,1.60E-01,A195S,10/2/2015
G4,1.62E-01,A195S,10/2/2015
H4,1.16E-01,A195S,10/2/2015
A5,-1.30E-04,A195S,10/2/2015
B5,1.30E-04,A195S,10/2/2015
C5,1.80E-04,A195S,10/2/2015
D5,3.55E-03,A195S,10/2/2015
E5,1.10E-01,A195S,10/2/2015
F5,1.36E-01,A195S,10/2/2015
G5,1.73E-01,A195S,10/2/2015
H5,1.35E-01,A195S,10/2/2015
A6,7.00E-05,A195S,10/2/2015
B6,8.00E-05,A195S,10/2/2015
C6,2.30E-04,A195S,10/2/2015
D6,3.14E-03,A195S,10/2/2015
E6,1.44E-01,A195S,10/2/2015
F6,1.32E-01,A195S,10/2/2015
G6,1.82E-01,A195S,10/2/2015
H6,1.50E-01,A195S,10/2/2015
A7,7.00E-05,L174R,10/2/2015
B7,-8.00E-05,L174R,10/2/2015
C7,1.50E-04,L174R,10/2/2015
D7,1.97E-03,L174R,10/2/2015
E7,1.70E-02,L174R,10/2/2015
F7,2.50E-02,L174R,10/2/2015
G7,2.94E-02,L174R,10/2/2015
H7,1.44E-02,L174R,10/2/2015
A8,-1.30E-04,L174R,10/2/2015
B8,1.10E-04,L174R,10/2/2015
C8,2.70E-04,L174R,10/2/2015
D8,2.29E-03,L174R,10/2/2015
E8,1.71E-02,L174R,10/2/2015
F8,2.33E-02,L174R,10/2/2015
G8,2.93E-02,L174R,10/2/2015
H8,2.39E-02,L174R,10/2/2015
A9,1.00E-04,L174R,10/2/2015
B9,8.00E-05,L174R,10/2/2015
C9,-7.80E-04,L174R,10/2/2015
D9,2.50E-03,L174R,10/2/2015
E9,1.55E-02,L174R,10/2/2015
F9,2.61E-02,L174R,10/2/2015
G9,2.72E-02,L174R,10/2/2015
H9,2.60E-02,L174R,10/2/2015
A10,9.00E-05,Y169P,10/2/2015
B10,-1.00E-04,Y169P,10/2/2015
C10,-1.60E-04,Y169P,10/2/2015
D10,9.00E-05,Y169P,10/2/2015
E10,6.00E-05,Y169P,10/2/2015
F10,-8.00E-05,Y169P,10/2/2015
G10,-2.10E-04,Y169P,10/2/2015
H10,-9.00E-05,Y169P,10/2/2015
A11,-1.10E-04,Y169P,10/2/2015
B11,-1.10E-04,Y169P,10/2/2015
C11,8.00E-05,Y169P,10/2/2015
D11,8.00E-05,Y169P,10/2/2015
E11,-1.90E-04,Y169P,10/2/2015
F11,-8.00E-05,Y169P,10/2/2015
G11,-3.03E-03,Y169P,10/2/2015
H11,-1.40E-04,Y169P,10/2/2015
A12,-8.00E-05,Y169P,10/2/2015
B12,1.30E-04,Y169P,10/2/2015
C12,-1.00E-04,Y169P,10/2/2015
D12,-8.00E-05,Y169P,10/2/2015
E12,-1.50E-04,Y169P,10/2/2015
F12,9.00E-05,Y169P,10/2/2015
G12,-1.10E-04,Y169P,10/2/2015
H12,-8.00E-05,Y169P,10/2/2015
A1,2.00E-04,W328L,10/2/2015
B1,4.60E-04,W328L,10/2/2015
C1,1.20E-04,W328L,10/2/2015
D1,1.68E-03,W328L,10/2/2015
E1,3.62E-03,W328L,10/2/2015
F1,4.98E-03,W328L,10/2/2015
G1,5.55E-03,W328L,10/2/2015
H1,3.49E-03,W328L,10/2/2015
A2,2.30E-04,W328L,10/2/2015
B2,4.60E-04,W328L,10/2/2015
C2,2.20E-04,W328L,10/2/2015
D2,1.40E-03,W328L,10/2/2015
E2,3.89E-03,W328L,10/2/2015
F2,5.23E-03,W328L,10/2/2015
G2,7.20E-03,W328L,10/2/2015
H2,5.14E-03,W328L,10/2/2015
A3,-2.10E-04,W328L,10/2/2015
B3,1.70E-04,W328L,10/2/2015
C3,4.70E-04,W328L,10/2/2015
D3,2.19E-03,W328L,10/2/2015
E3,4.36E-03,W328L,10/2/2015
F3,4.79E-03,W328L,10/2/2015
G3,7.06E-03,W328L,10/2/2015
H3,5.53E-03,W328L,10/2/2015
A4,-1.30E-04,Q22S,10/2/2015
B4,2.20E-04,Q22S,10/2/2015
C4,3.80E-04,Q22S,10/2/2015
D4,2.01E-03,Q22S,10/2/2015
E4,7.71E-03,Q22S,10/2/2015
F4,1.61E-02,Q22S,10/2/2015
G4,2.69E-02,Q22S,10/2/2015
H4,2.22E-02,Q22S,10/2/2015
A5,8.00E-05,Q22S,10/2/2015
B5,-2.30E-04,Q22S,10/2/2015
C5,4.50E-04,Q22S,10/2/2015
D5,1.90E-03,Q22S,10/2/2015
E5,5.69E-03,Q22S,10/2/2015
F5,1.52E-02,Q22S,10/2/2015
G5,2.43E-02,Q22S,10/2/2015
H5,2.31E-02,Q22S,10/2/2015
A6,1.00E-04,Q22S,10/2/2015
B6,2.00E-04,Q22S,10/2/2015
C6,-2.40E-04,Q22S,10/2/2015
D6,1.54E-03,Q22S,10/2/2015
E6,8.01E-03,Q22S,10/2/2015
F6,1.42E-02,Q22S,10/2/2015
G6,2.42E-02,Q22S,10/2/2015
H6,2.26E-02,Q22S,10/2/2015
A7,-2.60E-04,H122N,10/2/2015
B7,-3.00E-04,H122N,10/2/2015
C7,2.20E-04,H122N,10/2/2015
D7,-3.80E-04,H122N,10/2/2015
E7,3.40E-04,H122N,10/2/2015
F7,1.60E-04,H122N,10/2/2015
G7,-2.40E-04,H122N,10/2/2015
H7,1.50E-04,H122N,10/2/2015
A8,-2.00E-04,H122N,10/2/2015
B8,3.10E-04,H122N,10/2/2015
C8,-3.70E-04,H122N,10/2/2015
D8,-1.80E-04,H122N,10/2/2015
E8,-2.90E-04,H122N,10/2/2015
F8,-2.30E-04,H122N,10/2/2015
G8,-4.10E-04,H122N,10/2/2015
H8,-1.10E-04,H122N,10/2/2015
A9,1.80E-04,H122N,10/2/2015
B9,-3.80E-04,H122N,10/2/2015
C9,3.00E-04,H122N,10/2/2015
D9,-4.40E-04,H122N,10/2/2015
E9,1.50E-04,H122N,10/2/2015
F9,-1.90E-04,H122N,10/2/2015
G9,-2.30E-04,H122N,10/2/2015
H9,2.90E-04,H122N,10/2/2015
A10,1.60E-04,N223G,10/2/2015
B10,-1.40E-04,N223G,10/2/2015
C10,1.80E-04,N223G,10/2/2015
D10,4.67E-03,N223G,10/2/2015
E10,7.45E-03,N223G,10/2/2015
F10,7.97E-03,N223G,10/2/2015
G10,1.04E-02,N223G,10/2/2015
H10,8.08E-03,N223G,10/2/2015
A11,-5.00E-05,N223G,10/2/2015
B11,-3.10E-04,N223G,10/2/2015
C11,2.00E-04,N223G,10/2/2015
D11,4.75E-03,N223G,10/2/2015
E11,7.93E-03,N223G,10/2/2015
F11,9.18E-03,N223G,10/2/2015
G11,1.24E-02,N223G,10/2/2015
H11,9.03E-03,N223G,10/2/2015
A12,9.00E-05,N223G,10/2/2015
B12,-2.50E-04,N223G,10/2/2015
C12,2.20E-04,N223G,10/2/2015
D12,5.26E-03,N223G,10/2/2015
E12,7.08E-03,N223G,10/2/2015
F12,8.61E-03,N223G,10/2/2015
G12,1.12E-02,N223G,10/2/2015
H12,1.15E-03,N223G,10/2/2015
A1,-1.10E-04,W120A,10/2/2015
B1,-1.30E-04,W120A,10/2/2015
C1,8.00E-05,W120A,10/2/2015
D1,1.40E-04,W120A,10/2/2015
E1,2.50E-04,W120A,10/2/2015
F1,3.20E-04,W120A,10/2/2015
G1,2.90E-04,W120A,10/2/2015
H1,2.80E-04,W120A,10/2/2015
A2,1.70E-04,W120A,10/2/2015
B2,1.40E-04,W120A,10/2/2015
C2,-1.30E-04,W120A,10/2/2015
D2,-2.00E-04,W120A,10/2/2015
E2,2.40E-04,W120A,10/2/2015
F2,2.70E-04,W120A,10/2/2015
G2,2.50E-04,W120A,10/2/2015
H2,3.40E-04,W120A,10/2/2015
A3,1.30E-04,W120A,10/2/2015
B3,-8.00E-05,W120A,10/2/2015
C3,-1.10E-04,W120A,10/2/2015
D3,-2.30E-04,W120A,10/2/2015
E3,2.50E-04,W120A,10/2/2015
F3,2.90E-04,W120A,10/2/2015
G3,2.50E-04,W120A,10/2/2015
H3,2.60E-04,W120A,10/2/2015
A4,1.10E-04,W34A,10/2/2015
B4,-1.60E-04,W34A,10/2/2015
C4,-1.00E-04,W34A,10/2/2015
D4,1.60E-04,W34A,10/2/2015
E4,2.80E-04,W34A,10/2/2015
F4,3.00E-04,W34A,10/2/2015
G4,3.50E-04,W34A,10/2/2015
H4,3.50E-04,W34A,10/2/2015
A5,-1.40E-04,W34A,10/2/2015
B5,-1.20E-04,W34A,10/2/2015
C5,1.00E-04,W34A,10/2/2015
D5,1.90E-04,W34A,10/2/2015
E5,3.20E-04,W34A,10/2/2015
F5,3.90E-04,W34A,10/2/2015
G5,3.60E-04,W34A,10/2/2015
H5,3.90E-04,W34A,10/2/2015
A6,-1.00E-04,W34A,10/2/2015
B6,-1.60E-04,W34A,10/2/2015
C6,1.00E-04,W34A,10/2/2015
D6,1.40E-04,W34A,10/2/2015
E6,2.80E-04,W34A,10/2/2015
F6,3.90E-04,W34A,10/2/2015
G6,4.50E-04,W34A,10/2/2015
H6,3.00E-04,W34A,10/2/2015
A7,9.00E-05,M323K,10/2/2015
B7,1.00E-04,M323K,10/2/2015
C7,1.30E-04,M323K,10/2/2015
D7,1.50E-04,M323K,10/2/2015
E7,1.20E-04,M323K,10/2/2015
F7,-1.90E-04,M323K,10/2/2015
G7,-1.50E-04,M323K,10/2/2015
H7,6.00E-05,M323K,10/2/2015
A8,-9.00E-05,M323K,10/2/2015
B8,1.30E-04,M323K,10/2/2015
C8,9.00E-05,M323K,10/2/2015
D8,-1.00E-04,M323K,10/2/2015
E8,-7.00E-05,M323K,10/2/2015
F8,1.00E-04,M323K,10/2/2015
G8,-8.00E-05,M323K,10/2/2015
H8,-1.60E-04,M323K,10/2/2015
A9,1.00E-04,M323K,10/2/2015
B9,1.40E-04,M323K,10/2/2015
C9,1.00E-04,M323K,10/2/2015
D9,-9.00E-05,M323K,10/2/2015
E9,1.10E-04,M323K,10/2/2015
F9,-8.00E-05,M323K,10/2/2015
G9,-1.30E-04,M323K,10/2/2015
H9,1.00E-04,M323K,10/2/2015
A10,-8.00E-05,W407G,10/2/2015
B10,-8.00E-05,W407G,10/2/2015
C10,8.00E-05,W407G,10/2/2015
D10,-1.00E-04,W407G,10/2/2015
E10,2.30E-04,W407G,10/2/2015
F10,3.10E-04,W407G,10/2/2015
G10,3.30E-04,W407G,10/2/2015
H10,2.30E-04,W407G,10/2/2015
A11,-1.00E-04,W407G,10/2/2015
B11,-9.00E-05,W407G,10/2/2015
C11,-8.00E-05,W407G,10/2/2015
D11,-5.00E-05,W407G,10/2/2015
E11,1.60E-04,W407G,10/2/2015
F11,3.00E-04,W407G,10/2/2015
G11,2.90E-04,W407G,10/2/2015
H11,2.30E-04,W407G,10/2/2015
A12,-1.20E-04,W407G,10/2/2015
B12,1.30E-04,W407G,10/2/2015
C12,1.00E-04,W407G,10/2/2015
D12,-1.00E-04,W407G,10/2/2015
E12,2.50E-04,W407G,10/2/2015
F12,3.00E-04,W407G,10/2/2015
G12,2.80E-04,W407G,10/2/2015
H12,2.90E-04,W407G,10/2/2015
A7,-1.00E-04,H122E,10/2/2015
B7,-1.20E-04,H122E,10/2/2015
C7,-1.40E-04,H122E,10/2/2015
D7,-1.30E-04,H122E,10/2/2015
E7,1.60E-04,H122E,10/2/2015
F7,1.00E-04,H122E,10/2/2015
G7,1.10E-04,H122E,10/2/2015
H7,-4.80E-04,H122E,10/2/2015
A8,-1.00E-04,H122E,10/2/2015
B8,-8.00E-05,H122E,10/2/2015
C8,8.00E-05,H122E,10/2/2015
D8,1.00E-04,H122E,10/2/2015
E8,9.00E-05,H122E,10/2/2015
F8,8.00E-05,H122E,10/2/2015
G8,7.00E-05,H122E,10/2/2015
H8,4.80E-04,H122E,10/2/2015
A9,-1.20E-04,H122E,10/2/2015
B9,1.30E-04,H122E,10/2/2015
C9,1.10E-04,H122E,10/2/2015
D9,1.20E-04,H122E,10/2/2015
E9,7.00E-05,H122E,10/2/2015
F9,1.40E-04,H122E,10/2/2015
G9,3.30E-04,H122E,10/2/2015
H9,9.00E-05,H122E,10/2/2015
A10,-9.00E-05,T178R,10/2/2015
B10,-7.00E-05,T178R,10/2/2015
C10,1.50E-04,T178R,10/2/2015
D10,8.30E-04,T178R,10/2/2015
E10,2.31E-03,T178R,10/2/2015
F10,3.21E-03,T178R,10/2/2015
G10,3.16E-03,T178R,10/2/2015
H10,2.93E-03,T178R,10/2/2015
A11,-1.10E-04,T178R,10/2/2015
B11,-8.00E-05,T178R,10/2/2015
C11,9.00E-05,T178R,10/2/2015
D11,6.40E-04,T178R,10/2/2015
E11,1.96E-03,T178R,10/2/2015
F11,2.86E-03,T178R,10/2/2015
G11,3.04E-03,T178R,10/2/2015
H11,3.29E-03,T178R,10/2/2015
A12,-8.00E-05,T178R,10/2/2015
B12,1.00E-04,T178R,10/2/2015
C12,1.10E-04,T178R,10/2/2015
D12,5.10E-04,T178R,10/2/2015
E12,2.11E-03,T178R,10/2/2015
F12,2.98E-03,T178R,10/2/2015
G12,2.79E-03,T178R,10/2/2015
H12,5.40E-04,T178R,10/2/2015
A1,1.38E-03,I247N,10/2/2015
B1,-1.81E-03,I247N,10/2/2015
C1,1.20E-04,I247N,10/2/2015
D1,2.60E-04,I247N,10/2/2015
E1,4.09E-03,I247N,10/2/2015
F1,1.10E-02,I247N,10/2/2015
G1,1.13E-02,I247N,10/2/2015
H1,1.24E-02,I247N,10/2/2015
A2,1.90E-04,I247N,10/2/2015
B2,2.60E-04,I247N,10/2/2015
C2,1.20E-04,I247N,10/2/2015
D2,3.30E-04,I247N,10/2/2015
E2,4.18E-03,I247N,10/2/2015
F2,1.07E-02,I247N,10/2/2015
G2,1.32E-02,I247N,10/2/2015
H2,1.11E-02,I247N,10/2/2015
A3,-1.50E-04,I247N,10/2/2015
B3,1.00E-04,I247N,10/2/2015
C3,2.60E-04,I247N,10/2/2015
D3,3.60E-04,I247N,10/2/2015
E3,3.68E-03,I247N,10/2/2015
F3,1.07E-02,I247N,10/2/2015
G3,1.25E-02,I247N,10/2/2015
H3,8.16E-03,I247N,10/2/2015
A4,7.00E-05,F75H,10/2/2015
B4,9.00E-05,F75H,10/2/2015
C4,1.70E-04,F75H,10/2/2015
D4,6.90E-04,F75H,10/2/2015
E4,4.18E-03,F75H,10/2/2015
F4,7.24E-03,F75H,10/2/2015
G4,6.30E-03,F75H,10/2/2015
H4,5.16E-03,F75H,10/2/2015
A5,-8.00E-05,F75H,10/2/2015
B5,1.00E-04,F75H,10/2/2015
C5,1.50E-04,F75H,10/2/2015
D5,7.10E-04,F75H,10/2/2015
E5,4.12E-03,F75H,10/2/2015
F5,8.07E-03,F75H,10/2/2015
G5,6.83E-03,F75H,10/2/2015
H5,4.98E-03,F75H,10/2/2015
A6,-7.00E-05,F75H,10/2/2015
B6,1.60E-04,F75H,10/2/2015
C6,1.50E-04,F75H,10/2/2015
D6,5.90E-04,F75H,10/2/2015
E6,3.87E-03,F75H,10/2/2015
F6,6.71E-03,F75H,10/2/2015
G6,6.24E-03,F75H,10/2/2015
H6,4.00E-04,F75H,10/2/2015
A7,-1.00E-04,W328H,10/2/2015
B7,-1.20E-04,W328H,10/2/2015
C7,-1.40E-04,W328H,10/2/2015
D7,-1.30E-04,W328H,10/2/2015
E7,1.60E-04,W328H,10/2/2015
F7,1.00E-04,W328H,10/2/2015
G7,1.10E-04,W328H,10/2/2015
H7,-4.80E-04,W328H,10/2/2015
A8,-1.00E-04,W328H,10/2/2015
B8,-8.00E-05,W328H,10/2/2015
C8,8.00E-05,W328H,10/2/2015
D8,1.00E-04,W328H,10/2/2015
E8,9.00E-05,W328H,10/2/2015
F8,8.00E-05,W328H,10/2/2015
G8,7.00E-05,W328H,10/2/2015
H8,4.80E-04,W328H,10/2/2015
A9,-1.20E-04,W328H,10/2/2015
B9,1.30E-04,W328H,10/2/2015
C9,1.10E-04,W328H,10/2/2015
D9,1.20E-04,W328H,10/2/2015
E9,7.00E-05,W328H,10/2/2015
F9,1.40E-04,W328H,10/2/2015
G9,3.30E-04,W328H,10/2/2015
H9,9.00E-05,W328H,10/2/2015
A10,-9.00E-05,S19A,10/2/2015
B10,-7.00E-05,S19A,10/2/2015
C10,1.50E-04,S19A,10/2/2015
D10,8.30E-04,S19A,10/2/2015
E10,2.31E-03,S19A,10/2/2015
F10,3.21E-03,S19A,10/2/2015
G10,3.16E-03,S19A,10/2/2015
H10,2.93E-03,S19A,10/2/2015
A11,-1.10E-04,S19A,10/2/2015
B11,-8.00E-05,S19A,10/2/2015
C11,9.00E-05,S19A,10/2/2015
D11,6.40E-04,S19A,10/2/2015
E11,1.96E-03,S19A,10/2/2015
F11,2.86E-03,S19A,10/2/2015
G11,3.04E-03,S19A,10/2/2015
H11,3.29E-03,S19A,10/2/2015
A12,-8.00E-05,S19A,10/2/2015
B12,1.00E-04,S19A,10/2/2015
C12,1.10E-04,S19A,10/2/2015
D12,5.10E-04,S19A,10/2/2015
E12,2.11E-03,S19A,10/2/2015
F12,2.98E-03,S19A,10/2/2015
G12,2.79E-03,S19A,10/2/2015
H12,5.40E-04,S19A,10/2/2015
A4,1.00E-04,96,10/2/2015
B4,1.30E-04,96,10/2/2015
C4,3.40E-04,96,10/2/2015
D4,2.65E-02,96,10/2/2015
E4,9.77E-02,96,10/2/2015
F4,1.34E-01,96,10/2/2015
G4,1.49E-01,96,10/2/2015
H4,1.59E-01,96,10/2/2015
A5,1.00E-04,96,10/2/2015
B5,3.20E-04,96,10/2/2015
C5,2.90E-04,96,10/2/2015
D5,2.62E-02,96,10/2/2015
E5,1.03E-01,96,10/2/2015
F5,1.14E-01,96,10/2/2015
G5,1.22E-01,96,10/2/2015
H5,1.42E-01,96,10/2/2015
A6,1.00E-04,96,10/2/2015
B6,-9.00E-05,96,10/2/2015
C6,2.90E-04,96,10/2/2015
D6,2.09E-02,96,10/2/2015
E6,1.00E-01,96,10/2/2015
F6,1.13E-01,96,10/2/2015
G6,1.26E-01,96,10/2/2015
H6,1.40E-01,96,10/2/2015
A7,1.40E-04,97,10/2/2015
B7,3.20E-04,97,10/2/2015
C7,2.19E-03,97,10/2/2015
D7,4.17E-02,97,10/2/2015
E7,2.49E-01,97,10/2/2015
F7,2.86E-01,97,10/2/2015
G7,2.89E-01,97,10/2/2015
H7,2.88E-01,97,10/2/2015
A8,1.40E-04,97,10/2/2015
B8,3.40E-04,97,10/2/2015
C8,3.65E-03,97,10/2/2015
D8,5.55E-02,97,10/2/2015
E8,2.45E-01,97,10/2/2015
F8,2.65E-01,97,10/2/2015
G8,2.74E-01,97,10/2/2015
H8,2.96E-01,97,10/2/2015
A9,1.40E-04,97,10/2/2015
B9,7.00E-04,97,10/2/2015
C9,2.32E-03,97,10/2/2015
D9,5.15E-02,97,10/2/2015
E9,2.58E-01,97,10/2/2015
F9,2.68E-01,97,10/2/2015
G9,2.81E-01,97,10/2/2015
H9,2.97E-01,97,10/2/2015
A10,-1.00E-04,98,10/2/2015
B10,8.00E-05,98,10/2/2015
C10,1.70E-04,98,10/2/2015
D10,3.14E-03,98,10/2/2015
E10,6.00E-05,98,10/2/2015
F10,6.04E-02,98,10/2/2015
G10,6.94E-02,98,10/2/2015
H10,7.20E-02,98,10/2/2015
A11,1.60E-04,98,10/2/2015
B11,9.00E-05,98,10/2/2015
C11,1.30E-04,98,10/2/2015
D11,2.17E-03,98,10/2/2015
E11,4.38E-02,98,10/2/2015
F11,6.10E-02,98,10/2/2015
G11,6.68E-02,98,10/2/2015
H11,7.09E-02,98,10/2/2015
A12,9.00E-05,98,10/2/2015
B12,9.00E-05,98,10/2/2015
C12,1.30E-04,98,10/2/2015
D12,2.75E-03,98,10/2/2015
E12,4.48E-02,98,10/2/2015
F12,6.07E-02,98,10/2/2015
G12,6.53E-02,98,10/2/2015
H12,6.51E-02,98,10/2/2015
A1,1.80E-04,100,10/2/2015
B1,4.70E-04,100,10/2/2015
C1,8.00E-05,100,10/2/2015
D1,-5.00E-05,100,10/2/2015
E1,3.10E-04,100,10/2/2015
F1,1.10E-04,100,10/2/2015
G1,1.20E-04,100,10/2/2015
H1,9.00E-05,100,10/2/2015
A2,1.30E-04,100,10/2/2015
B2,-1.00E-04,100,10/2/2015
C2,5.00E-05,100,10/2/2015
D2,-1.30E-04,100,10/2/2015
E2,1.50E-04,100,10/2/2015
F2,-8.00E-05,100,10/2/2015
G2,-9.00E-05,100,10/2/2015
H2,8.00E-05,100,10/2/2015
A3,-1.30E-04,100,10/2/2015
B3,1.50E-04,100,10/2/2015
C3,-8.00E-05,100,10/2/2015
D3,-1.70E-04,100,10/2/2015
E3,9.00E-05,100,10/2/2015
F3,1.30E-04,100,10/2/2015
G3,1.30E-04,100,10/2/2015
H3,7.00E-05,100,10/2/2015
A4,4.50E-04,101,10/2/2015
B4,1.30E-04,101,10/2/2015
C4,1.40E-04,101,10/2/2015
D4,1.79E-03,101,10/2/2015
E4,6.04E-03,101,10/2/2015
F4,8.69E-03,101,10/2/2015
G4,9.83E-03,101,10/2/2015
H4,1.31E-02,101,10/2/2015
A5,-7.00E-05,101,10/2/2015
B5,1.50E-04,101,10/2/2015
C5,1.30E-04,101,10/2/2015
D5,1.59E-03,101,10/2/2015
E5,6.02E-03,101,10/2/2015
F5,9.40E-03,101,10/2/2015
G5,9.80E-03,101,10/2/2015
H5,1.16E-02,101,10/2/2015
A6,6.00E-05,101,10/2/2015
B6,7.00E-05,101,10/2/2015
C6,2.50E-04,101,10/2/2015
D6,1.35E-03,101,10/2/2015
E6,5.77E-03,101,10/2/2015
F6,8.39E-03,101,10/2/2015
G6,9.28E-03,101,10/2/2015
H6,9.82E-03,101,10/2/2015
A7,9.00E-05,104,10/2/2015
B7,-7.00E-05,104,10/2/2015
C7,-4.10E-04,104,10/2/2015
D7,1.70E-04,104,10/2/2015
E7,-1.40E-04,104,10/2/2015
F7,-8.00E-05,104,10/2/2015
G7,1.40E-04,104,10/2/2015
H7,8.00E-05,104,10/2/2015
A8,9.00E-05,104,10/2/2015
B8,1.80E-04,104,10/2/2015
C8,-1.50E-04,104,10/2/2015
D8,2.10E-04,104,10/2/2015
E8,-5.00E-05,104,10/2/2015
F8,1.20E-04,104,10/2/2015
G8,-7.00E-05,104,10/2/2015
H8,1.40E-04,104,10/2/2015
A9,-7.00E-05,104,10/2/2015
B9,1.40E-04,104,10/2/2015
C9,9.00E-05,104,10/2/2015
D9,-4.20E-04,104,10/2/2015
E9,-1.70E-04,104,10/2/2015
F9,1.20E-04,104,10/2/2015
G9,8.00E-05,104,10/2/2015
H9,9.00E-05,104,10/2/2015
A10,1.30E-04,106,10/2/2015
B10,5.90E-04,106,10/2/2015
C10,-1.40E-04,106,10/2/2015
D10,1.30E-04,106,10/2/2015
E10,3.60E-04,106,10/2/2015
F10,1.43E-03,106,10/2/2015
G10,3.83E-03,106,10/2/2015
H10,4.87E-03,106,10/2/2015
A11,-2.20E-04,106,10/2/2015
B11,1.90E-04,106,10/2/2015
C11,1.10E-04,106,10/2/2015
D11,1.30E-04,106,10/2/2015
E11,4.40E-04,106,10/2/2015
F11,1.99E-03,106,10/2/2015
G11,3.34E-03,106,10/2/2015
H11,4.67E-03,106,10/2/2015
A12,8.00E-05,106,10/2/2015
B12,-2.30E-04,106,10/2/2015
C12,-2.10E-04,106,10/2/2015
D12,4.10E-04,106,10/2/2015
E12,3.90E-04,106,10/2/2015
F12,1.43E-03,106,10/2/2015
G12,4.00E-03,106,10/2/2015
H12,4.41E-03,106,10/2/2015
A1,0.0,113,10/5/2015
B1,0.0,113,10/5/2015
C1,0.0,113,10/5/2015
D1,0.0,113,10/5/2015
E1,0.0,113,10/5/2015
F1,0.0,113,10/5/2015
G1,0.0,113,10/5/2015
H1,0.0,113,10/5/2015
A2,0.0,113,10/5/2015
B2,0.0,113,10/5/2015
C2,0.0,113,10/5/2015
D2,0.0,113,10/5/2015
E2,0.0,113,10/5/2015
F2,0.0,113,10/5/2015
G2,0.0,113,10/5/2015
H2,0.0,113,10/5/2015
A3,0.0,113,10/5/2015
B3,0.0,113,10/5/2015
C3,0.0,113,10/5/2015
D3,0.0,113,10/5/2015
E3,0.0,113,10/5/2015
F3,0.0,113,10/5/2015
G3,0.0,113,10/5/2015
H3,0.0,113,10/5/2015
A4,0.0,114,10/5/2015
B4,0.0,114,10/5/2015
C4,0.0,114,10/5/2015
D4,0.0,114,10/5/2015
E4,0.0,114,10/5/2015
F4,0.0,114,10/5/2015
G4,0.0,114,10/5/2015
H4,0.0,114,10/5/2015
A5,0.0,114,10/5/2015
B5,0.0,114,10/5/2015
C5,0.0,114,10/5/2015
D5,0.0,114,10/5/2015
E5,0.0,114,10/5/2015
F5,0.0,114,10/5/2015
G5,0.0,114,10/5/2015
H5,0.0,114,10/5/2015
A6,0.0,114,10/5/2015
B6,0.0,114,10/5/2015
C6,0.0,114,10/5/2015
D6,0.0,114,10/5/2015
E6,0.0,114,10/5/2015
F6,0.0,114,10/5/2015
G6,7.21E-05,114,10/5/2015
H6,4.42E-05,114,10/5/2015
A7,7.58E-05,116,10/5/2015
B7,4.24E-05,116,10/5/2015
C7,1.92E-04,116,10/5/2015
D7,-5.27E-05,116,10/5/2015
E7,3.82E-05,116,10/5/2015
F7,5.58E-05,116,10/5/2015
G7,-8.67E-05,116,10/5/2015
H7,4.48E-05,116,10/5/2015
A8,-4.24E-05,116,10/5/2015
B8,6.24E-05,116,10/5/2015
C8,-4.91E-05,116,10/5/2015
D8,-6.73E-05,116,10/5/2015
E8,3.58E-05,116,10/5/2015
F8,5.03E-05,116,10/5/2015
G8,4.55E-05,116,10/5/2015
H8,3.58E-05,116,10/5/2015
A9,3.86E-04,116,10/5/2015
B9,5.27E-05,116,10/5/2015
C9,5.39E-05,116,10/5/2015
D9,-3.94E-05,116,10/5/2015
E9,-6.18E-05,116,10/5/2015
F9,4.12E-05,116,10/5/2015
G9,6.48E-05,116,10/5/2015
H9,3.52E-05,116,10/5/2015
A10,6.06E-05,117,10/5/2015
B10,8.97E-05,117,10/5/2015
C10,2.60E-04,117,10/5/2015
D10,8.92E-03,117,10/5/2015
E10,2.52E-01,117,10/5/2015
F10,2.64E-01,117,10/5/2015
G10,3.15E-01,117,10/5/2015
H10,3.34E-01,117,10/5/2015
A11,7.09E-05,117,10/5/2015
B11,1.08E-04,117,10/5/2015
C11,2.36E-04,117,10/5/2015
D11,7.61E-03,117,10/5/2015
E11,2.54E-01,117,10/5/2015
F11,3.03E-01,117,10/5/2015
G11,3.35E-01,117,10/5/2015
H11,3.34E-01,117,10/5/2015
A12,5.58E-05,117,10/5/2015
B12,9.58E-05,117,10/5/2015
C12,2.58E-04,117,10/5/2015
D12,7.12E-03,117,10/5/2015
E12,2.60E-01,117,10/5/2015
F12,2.94E-01,117,10/5/2015
G12,3.01E-01,117,10/5/2015
H12,3.43E-01,117,10/5/2015
A1,6.42E-05,119,10/5/2015
B1,8.30E-05,119,10/5/2015
C1,3.70E-04,119,10/5/2015
D1,2.27E-02,119,10/5/2015
E1,1.39E-01,119,10/5/2015
F1,1.75E-01,119,10/5/2015
G1,1.79E-01,119,10/5/2015
H1,1.43E-01,119,10/5/2015
A2,5.52E-05,119,10/5/2015
B2,7.21E-05,119,10/5/2015
C2,3.71E-04,119,10/5/2015
D2,2.30E-02,119,10/5/2015
E2,1.40E-01,119,10/5/2015
F2,1.70E-01,119,10/5/2015
G2,1.80E-01,119,10/5/2015
H2,1.87E-01,119,10/5/2015
A3,-2.36E-05,119,10/5/2015
B3,7.70E-05,119,10/5/2015
C3,3.61E-04,119,10/5/2015
D3,2.60E-02,119,10/5/2015
E3,1.33E-01,119,10/5/2015
F3,1.58E-01,119,10/5/2015
G3,1.82E-01,119,10/5/2015
H3,1.84E-01,119,10/5/2015
A4,4.48E-05,121,10/5/2015
B4,3.52E-05,121,10/5/2015
C4,5.52E-05,121,10/5/2015
D4,6.30E-04,121,10/5/2015
E4,1.49E-03,121,10/5/2015
F4,1.75E-03,121,10/5/2015
G4,1.93E-03,121,10/5/2015
H4,1.69E-03,121,10/5/2015
A5,-3.09E-05,121,10/5/2015
B5,-2.91E-05,121,10/5/2015
C5,4.67E-05,121,10/5/2015
D5,5.97E-04,121,10/5/2015
E5,1.45E-03,121,10/5/2015
F5,1.73E-03,121,10/5/2015
G5,1.86E-03,121,10/5/2015
H5,1.96E-03,121,10/5/2015
A6,-4.79E-05,121,10/5/2015
B6,3.15E-05,121,10/5/2015
C6,3.94E-05,121,10/5/2015
D6,5.28E-04,121,10/5/2015
E6,1.52E-03,121,10/5/2015
F6,1.75E-03,121,10/5/2015
G6,1.91E-03,121,10/5/2015
H6,2.05E-03,121,10/5/2015
A7,3.45E-05,122,10/5/2015
B7,-2.36E-05,122,10/5/2015
C7,-2.97E-05,122,10/5/2015
D7,1.25E-04,122,10/5/2015
E7,4.08E-04,122,10/5/2015
F7,5.79E-04,122,10/5/2015
G7,5.72E-04,122,10/5/2015
H7,6.33E-04,122,10/5/2015
A8,7.58E-05,122,10/5/2015
B8,3.33E-05,122,10/5/2015
C8,2.24E-05,122,10/5/2015
D8,1.49E-04,122,10/5/2015
E8,4.85E-04,122,10/5/2015
F8,5.77E-04,122,10/5/2015
G8,5.88E-04,122,10/5/2015
H8,6.04E-04,122,10/5/2015
A9,2.79E-05,122,10/5/2015
B9,2.42E-05,122,10/5/2015
C9,2.55E-05,122,10/5/2015
D9,1.52E-04,122,10/5/2015
E9,5.21E-04,122,10/5/2015
F9,5.59E-04,122,10/5/2015
G9,5.79E-04,122,10/5/2015
H9,5.96E-04,122,10/5/2015
A1,2.85E-05,38,10/16/2015
B1,4.67E-05,38,10/16/2015
C1,3.27E-05,38,10/16/2015
D1,-3.27E-05,38,10/16/2015
E1,-1.12E-04,38,10/16/2015
F1,-6.06E-05,38,10/16/2015
G1,-3.15E-05,38,10/16/2015
H1,2.55E-05,38,10/16/2015
A2,6.00E-05,38,10/16/2015
B2,4.73E-05,38,10/16/2015
C2,6.12E-05,38,10/16/2015
D2,-2.61E-05,38,10/16/2015
E2,-9.76E-05,38,10/16/2015
F2,-9.33E-05,38,10/16/2015
G2,2.73E-05,38,10/16/2015
H2,-2.67E-05,38,10/16/2015
A3,4.97E-05,38,10/16/2015
B3,-2.88E-04,38,10/16/2015
C3,-4.61E-05,38,10/16/2015
D3,-7.88E-05,38,10/16/2015
E3,-1.04E-04,38,10/16/2015
F3,-6.12E-05,38,10/16/2015
G3,-2.73E-05,38,10/16/2015
H3,-2.55E-05,38,10/16/2015
A4,5.03E-05,41,10/16/2015
B4,7.39E-05,41,10/16/2015
C4,2.25E-04,41,10/16/2015
D4,1.19E-02,41,10/16/2015
E4,2.32E-01,41,10/16/2015
F4,2.15E-01,41,10/16/2015
G4,2.76E-01,41,10/16/2015
H4,2.63E-01,41,10/16/2015
A5,6.79E-05,41,10/16/2015
B5,8.18E-05,41,10/16/2015
C5,2.02E-04,41,10/16/2015
D5,1.06E-02,41,10/16/2015
E5,2.49E-01,41,10/16/2015
F5,2.28E-01,41,10/16/2015
G5,2.62E-01,41,10/16/2015
H5,2.62E-01,41,10/16/2015
A6,6.97E-05,41,10/16/2015
B6,7.76E-05,41,10/16/2015
C6,2.23E-04,41,10/16/2015
D6,7.88E-03,41,10/16/2015
E6,2.35E-01,41,10/16/2015
F6,2.29E-01,41,10/16/2015
G6,2.51E-01,41,10/16/2015
H6,2.66E-01,41,10/16/2015
A7,6.25E-04,42,10/16/2015
B7,1.36E-04,42,10/16/2015
C7,5.49E-04,42,10/16/2015
D7,3.03E-02,42,10/16/2015
E7,2.55E-01,42,10/16/2015
F7,2.15E-01,42,10/16/2015
G7,2.67E-01,42,10/16/2015
H7,2.65E-01,42,10/16/2015
A8,8.12E-05,42,10/16/2015
B8,1.38E-04,42,10/16/2015
C8,5.85E-04,42,10/16/2015
D8,3.73E-02,42,10/16/2015
E8,2.53E-01,42,10/16/2015
F8,2.11E-01,42,10/16/2015
G8,2.62E-01,42,10/16/2015
H8,2.51E-01,42,10/16/2015
A9,7.76E-05,42,10/16/2015
B9,1.32E-04,42,10/16/2015
C9,6.14E-04,42,10/16/2015
D9,3.97E-02,42,10/16/2015
E9,2.47E-01,42,10/16/2015
F9,2.26E-01,42,10/16/2015
G9,2.52E-01,42,10/16/2015
H9,2.70E-01,42,10/16/2015
A10,4.73E-05,43,10/16/2015
B10,5.21E-05,43,10/16/2015
C10,1.14E-04,43,10/16/2015
D10,2.02E-03,43,10/16/2015
E10,8.62E-03,43,10/16/2015
F10,1.23E-02,43,10/16/2015
G10,1.71E-02,43,10/16/2015
H10,2.05E-02,43,10/16/2015
A11,3.70E-05,43,10/16/2015
B11,5.64E-05,43,10/16/2015
C11,-5.18E-04,43,10/16/2015
D11,1.93E-03,43,10/16/2015
E11,7.10E-03,43,10/16/2015
F11,1.81E-02,43,10/16/2015
G11,1.59E-02,43,10/16/2015
H11,2.03E-02,43,10/16/2015
A12,4.97E-05,43,10/16/2015
B12,5.33E-05,43,10/16/2015
C12,1.38E-04,43,10/16/2015
D12,1.97E-03,43,10/16/2015
E12,8.03E-03,43,10/16/2015
F12,1.28E-02,43,10/16/2015
G12,1.55E-02,43,10/16/2015
H12,1.94E-02,43,10/16/2015
A1,1.07E-04,H122E,10/24/2015
B1,4.97E-05,H122E,10/24/2015
C1,1.32E-04,H122E,10/24/2015
D1,3.03E-05,H122E,10/24/2015
E1,8.79E-05,H122E,10/24/2015
F1,-3.09E-05,H122E,10/24/2015
G1,3.39E-05,H122E,10/24/2015
H1,2.36E-05,H122E,10/24/2015
A2,4.73E-05,H122E,10/24/2015
B2,-5.27E-05,H122E,10/24/2015
C2,-1.10E-04,H122E,10/24/2015
D2,7.64E-05,H122E,10/24/2015
E2,-8.85E-05,H122E,10/24/2015
F2,4.67E-05,H122E,10/24/2015
G2,-3.52E-05,H122E,10/24/2015
H2,2.61E-05,H122E,10/24/2015
A3,2.97E-05,H122E,10/24/2015
B3,2.06E-05,H122E,10/24/2015
C3,-5.70E-05,H122E,10/24/2015
D3,-8.24E-05,H122E,10/24/2015
E3,2.65E-04,H122E,10/24/2015
F3,-5.09E-05,H122E,10/24/2015
G3,4.85E-05,H122E,10/24/2015
H3,3.03E-05,H122E,10/24/2015
A4,6.42E-05,E180L,10/24/2015
B4,8.85E-05,E180L,10/24/2015
C4,1.25E-04,E180L,10/24/2015
D4,2.19E-03,E180L,10/24/2015
E4,8.64E-03,E180L,10/24/2015
F4,8.37E-03,E180L,10/24/2015
G4,8.33E-03,E180L,10/24/2015
H4,9.94E-03,E180L,10/24/2015
A5,4.61E-05,E180L,10/24/2015
B5,5.58E-05,E180L,10/24/2015
C5,1.07E-04,E180L,10/24/2015
D5,1.64E-03,E180L,10/24/2015
E5,7.50E-03,E180L,10/24/2015
F5,8.07E-03,E180L,10/24/2015
G5,4.25E-03,E180L,10/24/2015
H5,9.87E-03,E180L,10/24/2015
A6,7.52E-05,E180L,10/24/2015
B6,5.39E-05,E180L,10/24/2015
C6,9.45E-05,E180L,10/24/2015
D6,3.47E-04,E180L,10/24/2015
E6,6.88E-03,E180L,10/24/2015
F6,7.71E-03,E180L,10/24/2015
G6,1.03E-02,E180L,10/24/2015
H6,9.13E-03,E180L,10/24/2015
A7,3.70E-05,I303N,10/24/2015
B7,9.39E-05,I303N,10/24/2015
C7,4.64E-04,I303N,10/24/2015
D7,1.31E-03,I303N,10/24/2015
E7,6.30E-03,I303N,10/24/2015
F7,7.20E-03,I303N,10/24/2015
G7,8.52E-03,I303N,10/24/2015
H7,4.91E-03,I303N,10/24/2015
A8,9.03E-05,I303N,10/24/2015
B8,7.52E-05,I303N,10/24/2015
C8,6.10E-04,I303N,10/24/2015
D8,1.29E-03,I303N,10/24/2015
E8,7.30E-03,I303N,10/24/2015
F8,6.77E-03,I303N,10/24/2015
G8,9.63E-03,I303N,10/24/2015
H8,6.41E-03,I303N,10/24/2015
A9,-4.97E-05,I303N,10/24/2015
B9,6.85E-05,I303N,10/24/2015
C9,2.68E-04,I303N,10/24/2015
D9,1.66E-03,I303N,10/24/2015
E9,3.73E-03,I303N,10/24/2015
F9,6.90E-03,I303N,10/24/2015
G9,8.41E-03,I303N,10/24/2015
H9,1.04E-02,I303N,10/24/2015
A10,7.45E-05,Q316R,10/24/2015
B10,4.18E-05,Q316R,10/24/2015
C10,4.36E-05,Q316R,10/24/2015
D10,2.32E-03,Q316R,10/24/2015
E10,5.52E-03,Q316R,10/24/2015
F10,5.23E-03,Q316R,10/24/2015
G10,6.80E-03,Q316R,10/24/2015
H10,5.74E-03,Q316R,10/24/2015
A11,-7.94E-05,Q316R,10/24/2015
B11,-4.61E-05,Q316R,10/24/2015
C11,1.15E-04,Q316R,10/24/2015
D11,1.88E-03,Q316R,10/24/2015
E11,6.13E-03,Q316R,10/24/2015
F11,5.08E-03,Q316R,10/24/2015
G11,5.94E-03,Q316R,10/24/2015
H11,5.97E-03,Q316R,10/24/2015
A12,6.61E-05,Q316R,10/24/2015
B12,5.09E-05,Q316R,10/24/2015
C12,1.30E-04,Q316R,10/24/2015
D12,1.52E-03,Q316R,10/24/2015
E12,5.33E-03,Q316R,10/24/2015
F12,4.80E-03,Q316R,10/24/2015
G12,5.47E-03,Q316R,10/24/2015
H12,5.37E-03,Q316R,10/24/2015
A1,8.48E-05,T178R,10/24/2015
B1,4.00E-05,T178R,10/24/2015
C1,4.85E-05,T178R,10/24/2015
D1,1.59E-04,T178R,10/24/2015
E1,6.76E-04,T178R,10/24/2015
F1,1.15E-03,T178R,10/24/2015
G1,1.36E-03,T178R,10/24/2015
H1,1.50E-03,T178R,10/24/2015
A2,7.52E-05,T178R,10/24/2015
B2,-3.52E-05,T178R,10/24/2015
C2,4.30E-05,T178R,10/24/2015
D2,1.72E-04,T178R,10/24/2015
E2,6.83E-04,T178R,10/24/2015
F2,1.12E-03,T178R,10/24/2015
G2,1.37E-03,T178R,10/24/2015
H2,1.46E-03,T178R,10/24/2015
A3,2.97E-05,T178R,10/24/2015
B3,2.24E-05,T178R,10/24/2015
C3,3.27E-05,T178R,10/24/2015
D3,1.66E-04,T178R,10/24/2015
E3,6.01E-04,T178R,10/24/2015
F3,1.03E-03,T178R,10/24/2015
G3,1.30E-03,T178R,10/24/2015
H3,1.34E-03,T178R,10/24/2015
A4,2.91E-05,I247N,10/24/2015
B4,-4.67E-05,I247N,10/24/2015
C4,4.18E-05,I247N,10/24/2015
D4,-7.94E-05,I247N,10/24/2015
E4,1.06E-04,I247N,10/24/2015
F4,1.33E-04,I247N,10/24/2015
G4,2.23E-04,I247N,10/24/2015
H4,2.82E-04,I247N,10/24/2015
A5,3.76E-05,I247N,10/24/2015
B5,-3.33E-05,I247N,10/24/2015
C5,-2.18E-05,I247N,10/24/2015
D5,4.48E-05,I247N,10/24/2015
E5,7.64E-05,I247N,10/24/2015
F5,2.30E-04,I247N,10/24/2015
G5,1.68E-04,I247N,10/24/2015
H5,2.84E-04,I247N,10/24/2015
A6,-3.76E-05,I247N,10/24/2015
B6,2.73E-05,I247N,10/24/2015
C6,2.42E-05,I247N,10/24/2015
D6,1.70E-05,I247N,10/24/2015
E6,6.85E-05,I247N,10/24/2015
F6,2.50E-04,I247N,10/24/2015
G6,1.76E-04,I247N,10/24/2015
H6,2.24E-04,I247N,10/24/2015
A7,-6.55E-05,F75H,10/24/2015
B7,-3.09E-05,F75H,10/24/2015
C7,3.94E-05,F75H,10/24/2015
D7,8.42E-05,F75H,10/24/2015
E7,1.55E-04,F75H,10/24/2015
F7,1.78E-04,F75H,10/24/2015
G7,2.09E-04,F75H,10/24/2015
H7,2.68E-04,F75H,10/24/2015
A8,2.97E-05,F75H,10/24/2015
B8,2.30E-05,F75H,10/24/2015
C8,4.85E-05,F75H,10/24/2015
D8,6.67E-05,F75H,10/24/2015
E8,1.28E-04,F75H,10/24/2015
F8,-2.36E-05,F75H,10/24/2015
G8,2.28E-04,F75H,10/24/2015
H8,2.14E-04,F75H,10/24/2015
A9,-5.21E-05,F75H,10/24/2015
B9,5.33E-05,F75H,10/24/2015
C9,3.88E-05,F75H,10/24/2015
D9,7.82E-05,F75H,10/24/2015
E9,1.25E-04,F75H,10/24/2015
F9,1.71E-04,F75H,10/24/2015
G9,2.24E-04,F75H,10/24/2015
H9,2.18E-04,F75H,10/24/2015
A10,-4.06E-05,W328H,10/24/2015
B10,5.39E-05,W328H,10/24/2015
C10,4.55E-05,W328H,10/24/2015
D10,1.55E-04,W328H,10/24/2015
E10,4.04E-04,W328H,10/24/2015
F10,4.62E-04,W328H,10/24/2015
G10,1.70E-04,W328H,10/24/2015
H10,4.21E-04,W328H,10/24/2015
A11,-6.67E-05,W328H,10/24/2015
B11,4.67E-05,W328H,10/24/2015
C11,3.09E-05,W328H,10/24/2015
D11,1.71E-04,W328H,10/24/2015
E11,3.65E-04,W328H,10/24/2015
F11,4.55E-04,W328H,10/24/2015
G11,4.19E-04,W328H,10/24/2015
H11,4.46E-04,W328H,10/24/2015
A12,-3.45E-05,W328H,10/24/2015
B12,6.73E-05,W328H,10/24/2015
C12,5.76E-05,W328H,10/24/2015
D12,1.68E-04,W328H,10/24/2015
E12,5.27E-04,W328H,10/24/2015
F12,4.13E-04,W328H,10/24/2015
G12,4.64E-04,W328H,10/24/2015
H12,4.38E-04,W328H,10/24/2015
A1,6.18E-05,S19A,10/24/2015
B1,5.09E-05,S19A,10/24/2015
C1,5.70E-05,S19A,10/24/2015
D1,4.45E-04,S19A,10/24/2015
E1,2.02E-03,S19A,10/24/2015
F1,2.51E-03,S19A,10/24/2015
G1,2.44E-03,S19A,10/24/2015
H1,2.87E-03,S19A,10/24/2015
A2,1.02E-04,S19A,10/24/2015
B2,-1.72E-04,S19A,10/24/2015
C2,7.03E-05,S19A,10/24/2015
D2,6.47E-04,S19A,10/24/2015
E2,2.40E-03,S19A,10/24/2015
F2,2.40E-03,S19A,10/24/2015
G2,2.28E-03,S19A,10/24/2015
H2,2.82E-03,S19A,10/24/2015
A3,7.76E-05,S19A,10/24/2015
B3,6.00E-05,S19A,10/24/2015
C3,6.42E-05,S19A,10/24/2015
D3,6.87E-04,S19A,10/24/2015
E3,2.26E-03,S19A,10/24/2015
F3,2.62E-03,S19A,10/24/2015
G3,2.37E-03,S19A,10/24/2015
H3,2.79E-03,S19A,10/24/2015
A4,4.91E-05,Q384R,10/24/2015
B4,1.61E-04,Q384R,10/24/2015
C4,3.62E-04,Q384R,10/24/2015
D4,7.36E-03,Q384R,10/24/2015
E4,1.85E-02,Q384R,10/24/2015
F4,1.88E-02,Q384R,10/24/2015
G4,1.82E-02,Q384R,10/24/2015
H4,1.47E-02,Q384R,10/24/2015
A5,-1.54E-04,Q384R,10/24/2015
B5,1.05E-04,Q384R,10/24/2015
C5,3.12E-04,Q384R,10/24/2015
D5,5.57E-03,Q384R,10/24/2015
E5,1.83E-02,Q384R,10/24/2015
F5,1.71E-02,Q384R,10/24/2015
G5,1.83E-02,Q384R,10/24/2015
H5,1.69E-02,Q384R,10/24/2015
A6,1.09E-04,Q384R,10/24/2015
B6,1.34E-04,Q384R,10/24/2015
C6,3.02E-04,Q384R,10/24/2015
D6,5.27E-03,Q384R,10/24/2015
E6,1.75E-02,Q384R,10/24/2015
F6,1.56E-02,Q384R,10/24/2015
G6,1.59E-02,Q384R,10/24/2015
H6,1.49E-02,Q384R,10/24/2015
A7,-1.54E-04,Y295A,10/24/2015
B7,1.36E-04,Y295A,10/24/2015
C7,5.03E-05,Y295A,10/24/2015
D7,-3.70E-05,Y295A,10/24/2015
E7,-4.73E-05,Y295A,10/24/2015
F7,-1.01E-04,Y295A,10/24/2015
G7,1.64E-04,Y295A,10/24/2015
H7,-1.92E-04,Y295A,10/24/2015
A8,1.18E-04,Y295A,10/24/2015
B8,7.45E-05,Y295A,10/24/2015
C8,-1.79E-04,Y295A,10/24/2015
D8,-9.52E-05,Y295A,10/24/2015
E8,-1.22E-04,Y295A,10/24/2015
F8,1.48E-04,Y295A,10/24/2015
G8,-2.70E-04,Y295A,10/24/2015
H8,4.48E-05,Y295A,10/24/2015
A9,1.15E-04,Y295A,10/24/2015
B9,5.64E-05,Y295A,10/24/2015
C9,4.67E-05,Y295A,10/24/2015
D9,5.03E-05,Y295A,10/24/2015
E9,4.48E-05,Y295A,10/24/2015
F9,-1.27E-04,Y295A,10/24/2015
G9,-7.21E-05,Y295A,10/24/2015
H9,5.52E-05,Y295A,10/24/2015
A1,1.52E-04,W407R,11/13/2015
B1,6.91E-05,W407R,11/13/2015
C1,-7.70E-05,W407R,11/13/2015
D1,-8.79E-05,W407R,11/13/2015
E1,5.33E-05,W407R,11/13/2015
F1,-1.57E-04,W407R,11/13/2015
G1,9.52E-05,W407R,11/13/2015
H1,7.64E-05,W407R,11/13/2015
A2,-1.14E-04,W407R,11/13/2015
B2,1.69E-04,W407R,11/13/2015
C2,-5.76E-05,W407R,11/13/2015
D2,-5.45E-05,W407R,11/13/2015
E2,9.21E-05,W407R,11/13/2015
F2,-1.36E-04,W407R,11/13/2015
G2,4.61E-05,W407R,11/13/2015
H2,4.73E-05,W407R,11/13/2015
A3,-9.58E-05,W407R,11/13/2015
B3,3.39E-05,W407R,11/13/2015
C3,9.33E-05,W407R,11/13/2015
D3,-1.35E-04,W407R,11/13/2015
E3,-9.45E-05,W407R,11/13/2015
F3,-1.79E-04,W407R,11/13/2015
G3,8.73E-05,W407R,11/13/2015
H3,7.94E-05,W407R,11/13/2015
A4,8.91E-05,"C167N, W120R",11/13/2015
B4,-1.10E-04,"C167N, W120R",11/13/2015
C4,7.90E-04,"C167N, W120R",11/13/2015
D4,-1.08E-04,"C167N, W120R",11/13/2015
E4,-9.88E-05,"C167N, W120R",11/13/2015
F4,4.67E-05,"C167N, W120R",11/13/2015
G4,5.03E-05,"C167N, W120R",11/13/2015
H4,8.73E-05,"C167N, W120R",11/13/2015
A5,9.82E-05,"C167N, W120R",11/13/2015
B5,9.39E-05,"C167N, W120R",11/13/2015
C5,8.91E-05,"C167N, W120R",11/13/2015
D5,3.52E-05,"C167N, W120R",11/13/2015
E5,6.79E-05,"C167N, W120R",11/13/2015
F5,-1.13E-04,"C167N, W120R",11/13/2015
G5,9.21E-05,"C167N, W120R",11/13/2015
H5,1.02E-04,"C167N, W120R",11/13/2015
A6,-8.91E-05,"C167N, W120R",11/13/2015
B6,6.85E-05,"C167N, W120R",11/13/2015
C6,6.12E-05,"C167N, W120R",11/13/2015
D6,8.30E-05,"C167N, W120R",11/13/2015
E6,7.33E-05,"C167N, W120R",11/13/2015
F6,6.61E-05,"C167N, W120R",11/13/2015
G6,7.03E-05,"C167N, W120R",11/13/2015
H6,-1.38E-04,"C167N, W120R",11/13/2015
A7,9.27E-05,E180K,11/13/2015
B7,1.26E-04,E180K,11/13/2015
C7,-9.58E-05,E180K,11/13/2015
D7,2.49E-04,E180K,11/13/2015
E7,1.44E-03,E180K,11/13/2015
F7,4.12E-03,E180K,11/13/2015
G7,5.26E-03,E180K,11/13/2015
H7,4.74E-03,E180K,11/13/2015
A8,7.52E-05,E180K,11/13/2015
B8,-2.36E-04,E180K,11/13/2015
C8,9.88E-05,E180K,11/13/2015
D8,1.05E-04,E180K,11/13/2015
E8,1.02E-03,E180K,11/13/2015
F8,3.83E-03,E180K,11/13/2015
G8,5.19E-03,E180K,11/13/2015
H8,4.55E-03,E180K,11/13/2015
A9,9.39E-05,E180K,11/13/2015
B9,-1.98E-04,E180K,11/13/2015
C9,-1.33E-04,E180K,11/13/2015
D9,1.70E-04,E180K,11/13/2015
E9,1.05E-03,E180K,11/13/2015
F9,1.98E-03,E180K,11/13/2015
G9,5.03E-03,E180K,11/13/2015
H9,4.38E-03,E180K,11/13/2015
A10,-1.78E-04,I91E,11/13/2015
B10,1.98E-04,I91E,11/13/2015
C10,3.59E-04,I91E,11/13/2015
D10,8.48E-03,I91E,11/13/2015
E10,2.19E-02,I91E,11/13/2015
F10,2.48E-02,I91E,11/13/2015
G10,2.97E-02,I91E,11/13/2015
H10,1.87E-02,I91E,11/13/2015
A11,-1.70E-04,I91E,11/13/2015
B11,3.77E-04,I91E,11/13/2015
C11,3.65E-04,I91E,11/13/2015
D11,7.91E-03,I91E,11/13/2015
E11,2.01E-02,I91E,11/13/2015
F11,2.43E-02,I91E,11/13/2015
G11,3.18E-02,I91E,11/13/2015
H11,2.63E-02,I91E,11/13/2015
A12,1.18E-04,I91E,11/13/2015
B12,7.52E-05,I91E,11/13/2015
C12,4.77E-04,I91E,11/13/2015
D12,8.20E-03,I91E,11/13/2015
E12,1.96E-02,I91E,11/13/2015
F12,2.57E-02,I91E,11/13/2015
G12,2.83E-02,I91E,11/13/2015
H12,2.53E-02,I91E,11/13/2015
A1,2.06E-04,W407R,10/30/2015
B1,5.58E-05,W407R,10/30/2015
C1,-5.70E-05,W407R,10/30/2015
D1,5.09E-05,W407R,10/30/2015
E1,6.36E-05,W407R,10/30/2015
F1,5.52E-05,W407R,10/30/2015
G1,4.67E-05,W407R,10/30/2015
H1,4.18E-05,W407R,10/30/2015
A2,4.67E-05,W407R,10/30/2015
B2,-6.24E-05,W407R,10/30/2015
C2,4.79E-05,W407R,10/30/2015
D2,5.88E-05,W407R,10/30/2015
E2,6.91E-05,W407R,10/30/2015
F2,4.55E-05,W407R,10/30/2015
G2,6.24E-04,W407R,10/30/2015
H2,3.58E-05,W407R,10/30/2015
A3,8.73E-05,W407R,10/30/2015
B3,-8.12E-05,W407R,10/30/2015
C3,-1.39E-04,W407R,10/30/2015
D3,-6.79E-05,W407R,10/30/2015
E3,1.02E-04,W407R,10/30/2015
F3,5.27E-05,W407R,10/30/2015
G3,-6.73E-05,W407R,10/30/2015
H3,-1.32E-04,W407R,10/30/2015
A4,1.08E-04,W120F,10/30/2015
B4,1.15E-04,W120F,10/30/2015
C4,4.48E-04,W120F,10/30/2015
D4,1.94E-03,W120F,10/30/2015
E4,2.82E-03,W120F,10/30/2015
F4,2.78E-03,W120F,10/30/2015
G4,2.48E-03,W120F,10/30/2015
H4,2.54E-03,W120F,10/30/2015
A5,4.85E-05,W120F,10/30/2015
B5,2.08E-04,W120F,10/30/2015
C5,4.38E-04,W120F,10/30/2015
D5,1.52E-03,W120F,10/30/2015
E5,2.04E-03,W120F,10/30/2015
F5,2.15E-03,W120F,10/30/2015
G5,1.97E-03,W120F,10/30/2015
H5,2.44E-03,W120F,10/30/2015
A6,7.45E-05,W120F,10/30/2015
B6,8.48E-05,W120F,10/30/2015
C6,4.72E-04,W120F,10/30/2015
D6,1.25E-03,W120F,10/30/2015
E6,2.04E-03,W120F,10/30/2015
F6,2.67E-03,W120F,10/30/2015
G6,2.55E-03,W120F,10/30/2015
H6,2.46E-03,W120F,10/30/2015
A7,5.76E-05,E406D,10/30/2015
B7,-1.81E-04,E406D,10/30/2015
C7,-1.16E-04,E406D,10/30/2015
D7,2.14E-04,E406D,10/30/2015
E7,7.08E-04,E406D,10/30/2015
F7,7.27E-04,E406D,10/30/2015
G7,6.93E-04,E406D,10/30/2015
H7,7.09E-04,E406D,10/30/2015
A8,-1.44E-04,E406D,10/30/2015
B8,-8.30E-05,E406D,10/30/2015
C8,6.85E-05,E406D,10/30/2015
D8,2.25E-04,E406D,10/30/2015
E8,6.57E-04,E406D,10/30/2015
F8,7.57E-04,E406D,10/30/2015
G8,7.05E-04,E406D,10/30/2015
H8,7.14E-04,E406D,10/30/2015
A9,-3.82E-05,E406D,10/30/2015
B9,-1.75E-04,E406D,10/30/2015
C9,8.55E-05,E406D,10/30/2015
D9,2.15E-04,E406D,10/30/2015
E9,6.32E-04,E406D,10/30/2015
F9,6.81E-04,E406D,10/30/2015
G9,7.02E-04,E406D,10/30/2015
H9,7.12E-04,E406D,10/30/2015
A10,9.76E-05,E17S,10/30/2015
B10,-1.88E-04,E17S,10/30/2015
C10,-6.30E-05,E17S,10/30/2015
D10,4.72E-04,E17S,10/30/2015
E10,2.14E-03,E17S,10/30/2015
F10,2.64E-03,E17S,10/30/2015
G10,2.88E-03,E17S,10/30/2015
H10,2.81E-03,E17S,10/30/2015
A11,5.76E-05,E17S,10/30/2015
B11,-6.55E-05,E17S,10/30/2015
C11,1.04E-04,E17S,10/30/2015
D11,4.58E-04,E17S,10/30/2015
E11,2.11E-03,E17S,10/30/2015
F11,2.64E-03,E17S,10/30/2015
G11,2.82E-03,E17S,10/30/2015
H11,3.01E-03,E17S,10/30/2015
A12,-4.36E-05,E17S,10/30/2015
B12,-1.41E-04,E17S,10/30/2015
C12,-8.79E-05,E17S,10/30/2015
D12,3.60E-04,E17S,10/30/2015
E12,2.21E-03,E17S,10/30/2015
F12,2.62E-03,E17S,10/30/2015
G12,3.05E-03,E17S,10/30/2015
H12,3.08E-03,E17S,10/30/2015
A1,-2.79E-05,H315N,10/30/2015
B1,-3.58E-05,H315N,10/30/2015
C1,4.24E-05,H315N,10/30/2015
D1,-2.36E-05,H315N,10/30/2015
E1,1.11E-04,H315N,10/30/2015
F1,-2.67E-05,H315N,10/30/2015
G1,-6.91E-05,H315N,10/30/2015
H1,-2.00E-05,H315N,10/30/2015
A2,3.21E-05,H315N,10/30/2015
B2,-1.12E-04,H315N,10/30/2015
C2,-4.12E-05,H315N,10/30/2015
D2,-3.76E-05,H315N,10/30/2015
E2,-2.42E-05,H315N,10/30/2015
F2,-3.15E-05,H315N,10/30/2015
G2,-6.00E-05,H315N,10/30/2015
H2,1.52E-05,H315N,10/30/2015
A3,5.64E-05,H315N,10/30/2015
B3,-2.79E-05,H315N,10/30/2015
C3,-5.27E-05,H315N,10/30/2015
D3,-2.97E-05,H315N,10/30/2015
E3,-5.94E-05,H315N,10/30/2015
F3,-3.94E-05,H315N,10/30/2015
G3,-1.15E-04,H315N,10/30/2015
H3,-2.42E-05,H315N,10/30/2015
A4,3.39E-05,C167Q,10/30/2015
B4,-1.05E-04,C167Q,10/30/2015
C4,1.45E-04,C167Q,10/30/2015
D4,9.40E-04,C167Q,10/30/2015
E4,4.54E-03,C167Q,10/30/2015
F4,6.33E-03,C167Q,10/30/2015
G4,6.92E-03,C167Q,10/30/2015
H4,7.19E-03,C167Q,10/30/2015
A5,-6.06E-05,C167Q,10/30/2015
B5,-5.94E-05,C167Q,10/30/2015
C5,1.47E-04,C167Q,10/30/2015
D5,8.30E-04,C167Q,10/30/2015
E5,4.10E-03,C167Q,10/30/2015
F5,6.16E-03,C167Q,10/30/2015
G5,6.69E-03,C167Q,10/30/2015
H5,6.89E-03,C167Q,10/30/2015
A6,1.44E-04,C167Q,10/30/2015
B6,5.82E-05,C167Q,10/30/2015
C6,1.25E-04,C167Q,10/30/2015
D6,7.07E-04,C167Q,10/30/2015
E6,4.30E-03,C167Q,10/30/2015
F6,6.00E-03,C167Q,10/30/2015
G6,7.02E-03,C167Q,10/30/2015
H6,7.81E-03,C167Q,10/30/2015
A7,1.88E-05,"N220D, N293D",10/30/2015
B7,-5.27E-05,"N220D, N293D",10/30/2015
C7,-7.39E-05,"N220D, N293D",10/30/2015
D7,-3.94E-05,"N220D, N293D",10/30/2015
E7,-3.94E-05,"N220D, N293D",10/30/2015
F7,3.03E-05,"N220D, N293D",10/30/2015
G7,9.94E-05,"N220D, N293D",10/30/2015
H7,-7.15E-05,"N220D, N293D",10/30/2015
A8,-8.85E-05,"N220D, N293D",10/30/2015
B8,-2.97E-05,"N220D, N293D",10/30/2015
C8,-8.73E-05,"N220D, N293D",10/30/2015
D8,1.82E-05,"N220D, N293D",10/30/2015
E8,-2.79E-05,"N220D, N293D",10/30/2015
F8,2.18E-05,"N220D, N293D",10/30/2015
G8,-4.00E-05,"N220D, N293D",10/30/2015
H8,-2.85E-05,"N220D, N293D",10/30/2015
A9,3.70E-05,"N220D, N293D",10/30/2015
B9,-7.39E-05,"N220D, N293D",10/30/2015
C9,-5.64E-05,"N220D, N293D",10/30/2015
D9,-4.91E-05,"N220D, N293D",10/30/2015
E9,-3.58E-05,"N220D, N293D",10/30/2015
F9,2.48E-05,"N220D, N293D",10/30/2015
G9,-4.18E-05,"N220D, N293D",10/30/2015
H9,2.18E-05,"N220D, N293D",10/30/2015
A10,-6.55E-05,W299A,10/30/2015
B10,-2.30E-05,W299A,10/30/2015
C10,-7.09E-05,W299A,10/30/2015
D10,2.24E-05,W299A,10/30/2015
E10,2.42E-05,W299A,10/30/2015
F10,-4.06E-05,W299A,10/30/2015
G10,-4.73E-05,W299A,10/30/2015
H10,-2.18E-05,W299A,10/30/2015
A11,-4.36E-05,W299A,10/30/2015
B11,-7.03E-05,W299A,10/30/2015
C11,5.52E-05,W299A,10/30/2015
D11,-2.06E-05,W299A,10/30/2015
E11,-3.45E-05,W299A,10/30/2015
F11,1.64E-05,W299A,10/30/2015
G11,-5.39E-05,W299A,10/30/2015
H11,-1.94E-05,W299A,10/30/2015
A12,-8.36E-05,W299A,10/30/2015
B12,-4.61E-05,W299A,10/30/2015
C12,-1.01E-04,W299A,10/30/2015
D12,-4.18E-05,W299A,10/30/2015
E12,-4.67E-05,W299A,10/30/2015
F12,-2.36E-05,W299A,10/30/2015
G12,-4.97E-05,W299A,10/30/2015
H12,-2.91E-05,W299A,10/30/2015
A1,4.06E-05,Y294A,10/30/2015
B1,7.39E-05,Y294A,10/30/2015
C1,1.52E-04,Y294A,10/30/2015
D1,4.22E-03,Y294A,10/30/2015
E1,1.52E-02,Y294A,10/30/2015
F1,1.62E-02,Y294A,10/30/2015
G1,1.67E-02,Y294A,10/30/2015
H1,1.92E-02,Y294A,10/30/2015
A2,-1.28E-04,Y294A,10/30/2015
B2,-7.70E-05,Y294A,10/30/2015
C2,1.04E-04,Y294A,10/30/2015
D2,4.14E-03,Y294A,10/30/2015
E2,1.70E-02,Y294A,10/30/2015
F2,1.65E-02,Y294A,10/30/2015
G2,1.69E-02,Y294A,10/30/2015
H2,1.53E-02,Y294A,10/30/2015
A3,6.36E-05,Y294A,10/30/2015
B3,-8.73E-05,Y294A,10/30/2015
C3,1.08E-04,Y294A,10/30/2015
D3,4.55E-03,Y294A,10/30/2015
E3,1.43E-02,Y294A,10/30/2015
F3,1.40E-02,Y294A,10/30/2015
G3,1.52E-02,Y294A,10/30/2015
H3,1.53E-02,Y294A,10/30/2015
A4,-2.80E-04,105,10/30/2015
B4,-1.15E-04,105,10/30/2015
C4,-1.67E-04,105,10/30/2015
D4,-5.45E-05,105,10/30/2015
E4,-1.33E-04,105,10/30/2015
F4,-1.20E-04,105,10/30/2015
G4,-7.58E-05,105,10/30/2015
H4,-3.58E-05,105,10/30/2015
A5,-7.52E-05,105,10/30/2015
B5,-9.88E-05,105,10/30/2015
C5,-9.27E-05,105,10/30/2015
D5,3.19E-03,105,10/30/2015
E5,-5.33E-05,105,10/30/2015
F5,-1.51E-04,105,10/30/2015
G5,-5.88E-05,105,10/30/2015
H5,-6.24E-05,105,10/30/2015
A6,9.76E-05,105,10/30/2015
B6,-1.79E-04,105,10/30/2015
C6,-1.21E-04,105,10/30/2015
D6,-9.76E-05,105,10/30/2015
E6,-5.70E-05,105,10/30/2015
F6,-1.52E-04,105,10/30/2015
G6,-9.03E-05,105,10/30/2015
H6,-5.03E-05,105,10/30/2015
A7,-7.45E-05,115,10/30/2015
B7,-1.55E-04,115,10/30/2015
C7,-9.94E-05,115,10/30/2015
D7,-9.03E-05,115,10/30/2015
E7,-1.59E-04,115,10/30/2015
F7,-1.49E-04,115,10/30/2015
G7,3.39E-05,115,10/30/2015
H7,-3.76E-05,115,10/30/2015
A8,8.85E-05,115,10/30/2015
B8,-1.36E-04,115,10/30/2015
C8,-1.36E-04,115,10/30/2015
D8,-1.53E-04,115,10/30/2015
E8,-8.30E-05,115,10/30/2015
F8,-1.31E-04,115,10/30/2015
G8,3.76E-05,115,10/30/2015
H8,-6.30E-05,115,10/30/2015
A9,-4.18E-05,115,10/30/2015
B9,-7.70E-05,115,10/30/2015
C9,-1.56E-04,115,10/30/2015
D9,-1.59E-04,115,10/30/2015
E9,-1.10E-04,115,10/30/2015
F9,-7.70E-05,115,10/30/2015
G9,-1.35E-04,115,10/30/2015
H9,-2.97E-05,115,10/30/2015
A10,-5.09E-05,120,10/30/2015
B10,-1.21E-04,120,10/30/2015
C10,-1.08E-04,120,10/30/2015
D10,-8.55E-05,120,10/30/2015
E10,-1.39E-04,120,10/30/2015
F10,-6.48E-05,120,10/30/2015
G10,-1.00E-04,120,10/30/2015
H10,-7.88E-05,120,10/30/2015
A11,1.70E-04,120,10/30/2015
B11,-1.31E-04,120,10/30/2015
C11,-1.51E-04,120,10/30/2015
D11,-1.26E-04,120,10/30/2015
E11,-7.39E-05,120,10/30/2015
F11,-1.86E-04,120,10/30/2015
G11,-6.79E-05,120,10/30/2015
H11,-9.94E-05,120,10/30/2015
A12,-1.04E-04,120,10/30/2015
B12,-1.14E-04,120,10/30/2015
C12,-1.15E-04,120,10/30/2015
D12,-1.09E-04,120,10/30/2015
E12,-8.06E-05,120,10/30/2015
F12,-3.09E-05,120,10/30/2015
G12,-1.24E-04,120,10/30/2015
H12,3.70E-05,120,10/30/2015
A1,-4.67E-05,E164A,11/11/2015
B1,-3.52E-05,E164A,11/11/2015
C1,-3.45E-05,E164A,11/11/2015
D1,1.38E-04,E164A,11/11/2015
E1,8.73E-05,E164A,11/11/2015
F1,4.12E-05,E164A,11/11/2015
G1,4.61E-05,E164A,11/11/2015
H1,3.15E-05,E164A,11/11/2015
A2,5.21E-05,E164A,11/11/2015
B2,-4.67E-05,E164A,11/11/2015
C2,5.21E-05,E164A,11/11/2015
D2,1.58E-04,E164A,11/11/2015
E2,1.22E-04,E164A,11/11/2015
F2,5.64E-05,E164A,11/11/2015
G2,-1.03E-04,E164A,11/11/2015
H2,2.73E-05,E164A,11/11/2015
A3,-4.12E-05,E164A,11/11/2015
B3,4.48E-05,E164A,11/11/2015
C3,4.30E-05,E164A,11/11/2015
D3,5.58E-05,E164A,11/11/2015
E3,4.67E-05,E164A,11/11/2015
F3,5.70E-05,E164A,11/11/2015
G3,2.61E-05,E164A,11/11/2015
H3,5.64E-05,E164A,11/11/2015
A4,-5.94E-05,N293A,11/11/2015
B4,-5.88E-05,N293A,11/11/2015
C4,-7.70E-05,N293A,11/11/2015
D4,2.49E-04,N293A,11/11/2015
E4,1.82E-04,N293A,11/11/2015
F4,1.76E-04,N293A,11/11/2015
G4,1.65E-04,N293A,11/11/2015
H4,1.76E-04,N293A,11/11/2015
A5,-5.15E-05,N293A,11/11/2015
B5,-8.30E-05,N293A,11/11/2015
C5,5.09E-05,N293A,11/11/2015
D5,2.61E-04,N293A,11/11/2015
E5,2.21E-04,N293A,11/11/2015
F5,2.01E-04,N293A,11/11/2015
G5,2.00E-04,N293A,11/11/2015
H5,2.04E-04,N293A,11/11/2015
A6,-4.73E-05,N293A,11/11/2015
B6,-5.58E-05,N293A,11/11/2015
C6,3.82E-05,N293A,11/11/2015
D6,1.85E-04,N293A,11/11/2015
E6,1.47E-04,N293A,11/11/2015
F6,1.44E-04,N293A,11/11/2015
G6,2.42E-04,N293A,11/11/2015
H6,2.45E-04,N293A,11/11/2015
A7,-5.09E-05,Q313R,11/11/2015
B7,9.88E-05,Q313R,11/11/2015
C7,1.90E-04,Q313R,11/11/2015
D7,1.38E-02,Q313R,11/11/2015
E7,1.55E-02,Q313R,11/11/2015
F7,2.00E-02,Q313R,11/11/2015
G7,2.00E-02,Q313R,11/11/2015
H7,1.73E-02,Q313R,11/11/2015
A8,4.79E-05,Q313R,11/11/2015
B8,5.58E-05,Q313R,11/11/2015
C8,2.22E-04,Q313R,11/11/2015
D8,1.60E-02,Q313R,11/11/2015
E8,1.63E-02,Q313R,11/11/2015
F8,1.82E-02,Q313R,11/11/2015
G8,1.72E-02,Q313R,11/11/2015
H8,1.87E-02,Q313R,11/11/2015
A9,5.21E-05,Q313R,11/11/2015
B9,6.79E-05,Q313R,11/11/2015
C9,2.62E-04,Q313R,11/11/2015
D9,1.35E-02,Q313R,11/11/2015
E9,1.32E-02,Q313R,11/11/2015
F9,1.51E-02,Q313R,11/11/2015
G9,1.68E-02,Q313R,11/11/2015
H9,1.76E-02,Q313R,11/11/2015
A10,-3.58E-05,W325L,11/11/2015
B10,-5.52E-05,W325L,11/11/2015
C10,9.88E-05,W325L,11/11/2015
D10,6.85E-04,W325L,11/11/2015
E10,7.15E-04,W325L,11/11/2015
F10,8.03E-04,W325L,11/11/2015
G10,8.06E-04,W325L,11/11/2015
H10,8.20E-04,W325L,11/11/2015
A11,-4.91E-05,W325L,11/11/2015
B11,-4.97E-05,W325L,11/11/2015
C11,6.67E-05,W325L,11/11/2015
D11,7.58E-04,W325L,11/11/2015
E11,6.71E-04,W325L,11/11/2015
F11,8.41E-04,W325L,11/11/2015
G11,6.45E-04,W325L,11/11/2015
H11,8.29E-04,W325L,11/11/2015
A12,-4.48E-05,W325L,11/11/2015
B12,4.79E-05,W325L,11/11/2015
C12,6.97E-05,W325L,11/11/2015
D12,6.76E-04,W325L,11/11/2015
E12,8.50E-04,W325L,11/11/2015
F12,7.76E-04,W325L,11/11/2015
G12,6.75E-04,W325L,11/11/2015
H12,7.73E-04,W325L,11/11/2015
A1,-1.13E-04,N223H,11/11/2015
B1,5.82E-05,N223H,11/11/2015
C1,-8.12E-05,N223H,11/11/2015
D1,1.23E-04,N223H,11/11/2015
E1,6.35E-04,N223H,11/11/2015
F1,8.81E-04,N223H,11/11/2015
G1,7.00E-04,N223H,11/11/2015
H1,5.87E-04,N223H,11/11/2015
A2,6.91E-05,N223H,11/11/2015
B2,5.27E-05,N223H,11/11/2015
C2,-1.01E-04,N223H,11/11/2015
D2,1.36E-04,N223H,11/11/2015
E2,5.72E-04,N223H,11/11/2015
F2,7.86E-04,N223H,11/11/2015
G2,7.62E-04,N223H,11/11/2015
H2,6.12E-04,N223H,11/11/2015
A3,9.03E-05,N223H,11/11/2015
B3,1.05E-04,N223H,11/11/2015
C3,7.39E-05,N223H,11/11/2015
D3,1.31E-04,N223H,11/11/2015
E3,6.08E-04,N223H,11/11/2015
F3,7.63E-04,N223H,11/11/2015
G3,8.55E-04,N223H,11/11/2015
H3,4.47E-04,N223H,11/11/2015
A4,1.00E-04,124,11/11/2015
B4,-1.19E-04,124,11/11/2015
C4,-1.01E-04,124,11/11/2015
D4,-4.79E-05,124,11/11/2015
E4,7.45E-05,124,11/11/2015
F4,7.21E-05,124,11/11/2015
G4,9.27E-05,124,11/11/2015
H4,9.33E-05,124,11/11/2015
A5,6.61E-05,124,11/11/2015
B5,6.36E-05,124,11/11/2015
C5,8.18E-05,124,11/11/2015
D5,6.85E-05,124,11/11/2015
E5,6.97E-05,124,11/11/2015
F5,1.96E-04,124,11/11/2015
G5,1.13E-04,124,11/11/2015
H5,-1.80E-04,124,11/11/2015
A6,8.12E-05,124,11/11/2015
B6,6.48E-05,124,11/11/2015
C6,-1.42E-04,124,11/11/2015
D6,1.65E-04,124,11/11/2015
E6,8.73E-05,124,11/11/2015
F6,-3.84E-04,124,11/11/2015
G6,8.73E-05,124,11/11/2015
H6,2.87E-04,124,11/11/2015
A7,6.85E-05,126,11/11/2015
B7,1.14E-04,126,11/11/2015
C7,1.02E-04,126,11/11/2015
D7,1.36E-04,126,11/11/2015
E7,-7.33E-05,126,11/11/2015
F7,3.22E-04,126,11/11/2015
G7,1.25E-04,126,11/11/2015
H7,-2.25E-04,126,11/11/2015
A8,7.82E-05,126,11/11/2015
B8,1.28E-04,126,11/11/2015
C8,6.55E-05,126,11/11/2015
D8,-8.67E-05,126,11/11/2015
E8,9.52E-05,126,11/11/2015
F8,1.19E-04,126,11/11/2015
G8,-2.65E-04,126,11/11/2015
H8,7.27E-05,126,11/11/2015
A9,1.13E-04,126,11/11/2015
B9,-2.76E-04,126,11/11/2015
C9,9.94E-05,126,11/11/2015
D9,2.27E-04,126,11/11/2015
E9,1.96E-04,126,11/11/2015
F9,1.05E-04,126,11/11/2015
G9,-8.36E-05,126,11/11/2015
H9,7.88E-05,126,11/11/2015
A1,1.90E-04,Y297F,12/4/2015
B1,2.20E-04,Y297F,12/4/2015
C1,3.45E-04,Y297F,12/4/2015
D1,9.64E-03,Y297F,12/4/2015
E1,3.59E-02,Y297F,12/4/2015
F1,3.02E-02,Y297F,12/4/2015
G1,3.55E-02,Y297F,12/4/2015
H1,3.66E-02,Y297F,12/4/2015
A2,1.93E-04,Y297F,12/4/2015
B2,1.91E-04,Y297F,12/4/2015
C2,4.30E-04,Y297F,12/4/2015
D2,8.56E-03,Y297F,12/4/2015
E2,3.50E-02,Y297F,12/4/2015
F2,3.39E-02,Y297F,12/4/2015
G2,3.50E-02,Y297F,12/4/2015
H2,3.32E-02,Y297F,12/4/2015
A3,1.73E-04,Y297F,12/4/2015
B3,1.68E-04,Y297F,12/4/2015
C3,4.22E-04,Y297F,12/4/2015
D3,1.00E-02,Y297F,12/4/2015
E3,2.62E-02,Y297F,12/4/2015
F3,3.09E-02,Y297F,12/4/2015
G3,4.11E-02,Y297F,12/4/2015
H3,3.62E-02,Y297F,12/4/2015
A4,2.12E-04,A357A,12/4/2015
B4,2.07E-04,A357A,12/4/2015
C4,4.47E-04,A357A,12/4/2015
D4,1.13E-02,A357A,12/4/2015
E4,2.20E-02,A357A,12/4/2015
F4,1.82E-02,A357A,12/4/2015
G4,2.03E-02,A357A,12/4/2015
H4,2.72E-02,A357A,12/4/2015
A5,1.65E-04,A357A,12/4/2015
B5,2.02E-04,A357A,12/4/2015
C5,4.05E-04,A357A,12/4/2015
D5,7.42E-03,A357A,12/4/2015
E5,2.07E-02,A357A,12/4/2015
F5,1.68E-02,A357A,12/4/2015
G5,1.90E-02,A357A,12/4/2015
H5,2.54E-02,A357A,12/4/2015
A6,2.08E-04,A357A,12/4/2015
B6,2.09E-04,A357A,12/4/2015
C6,3.93E-04,A357A,12/4/2015
D6,6.55E-03,A357A,12/4/2015
E6,2.10E-02,A357A,12/4/2015
F6,1.79E-02,A357A,12/4/2015
G6,2.00E-02,A357A,12/4/2015
H6,2.43E-02,A357A,12/4/2015
A7,2.21E-04,W399C,12/4/2015
B7,1.87E-04,W399C,12/4/2015
C7,2.16E-04,W399C,12/4/2015
D7,2.54E-04,W399C,12/4/2015
E7,2.28E-04,W399C,12/4/2015
F7,2.75E-04,W399C,12/4/2015
G7,2.32E-04,W399C,12/4/2015
H7,1.79E-04,W399C,12/4/2015
A8,2.47E-04,W399C,12/4/2015
B8,1.71E-04,W399C,12/4/2015
C8,2.02E-04,W399C,12/4/2015
D8,1.72E-04,W399C,12/4/2015
E8,2.02E-04,W399C,12/4/2015
F8,2.11E-04,W399C,12/4/2015
G8,2.06E-04,W399C,12/4/2015
H8,2.09E-04,W399C,12/4/2015
A9,2.33E-04,W399C,12/4/2015
B9,2.05E-04,W399C,12/4/2015
C9,1.78E-04,W399C,12/4/2015
D9,-2.04E-04,W399C,12/4/2015
E9,2.03E-04,W399C,12/4/2015
F9,2.58E-04,W399C,12/4/2015
G9,2.21E-04,W399C,12/4/2015
H9,1.80E-04,W399C,12/4/2015
A10,1.63E-04,W399S,12/4/2015
B10,2.13E-04,W399S,12/4/2015
C10,1.64E-04,W399S,12/4/2015
D10,1.99E-04,W399S,12/4/2015
E10,1.78E-04,W399S,12/4/2015
F10,2.03E-04,W399S,12/4/2015
G10,1.58E-04,W399S,12/4/2015
H10,2.10E-04,W399S,12/4/2015
A11,2.70E-04,W399S,12/4/2015
B11,2.45E-04,W399S,12/4/2015
C11,2.00E-04,W399S,12/4/2015
D11,1.82E-04,W399S,12/4/2015
E11,1.87E-04,W399S,12/4/2015
F11,1.66E-04,W399S,12/4/2015
G11,1.90E-04,W399S,12/4/2015
H11,2.55E-04,W399S,12/4/2015
A12,2.40E-04,W399S,12/4/2015
B12,1.95E-04,W399S,12/4/2015
C12,2.49E-04,W399S,12/4/2015
D12,1.59E-04,W399S,12/4/2015
E12,2.39E-04,W399S,12/4/2015
F12,2.40E-04,W399S,12/4/2015
G12,1.70E-04,W399S,12/4/2015
H12,1.58E-04,W399S,12/4/2015
