well,rate,mutant
A1,0.0003381203,WT
B1,0.00027736842,WT
C1,0.00084992481,WT
D1,0.055759774,WT
E1,0.15673624,WT
F1,0.17029737,WT
G1,0.17254368,WT
H1,0.17567692,WT
A2,-0.00016609023,WT
B2,0.00014902256,WT
C2,0.00075789474,WT
D2,0.057302105,WT
E2,0.1547615,WT
F2,0.16123835,WT
G2,0.15785835,WT
H2,0.17185955,WT
A3,-0.00013067669,WT
B3,0.00020368421,WT
C3,0.0008812782,WT
D3,0.065537143,WT
E3,0.15350579,WT
F3,0.16063729,WT
G3,0.14777218,WT
H3,0.17511654,WT
A1,0.000027368421,C167A
B1,0.000066917293,C167A
C1,0.00064992481,C167A
D1,0.014296842,C167A
E1,0.1044788,C167A
F1,0.11210135,C167A
G1,0.097867669,C167A
H1,0.10601489,C167A
A2,0.000016541353,C167A
B2,0.00012992481,C167A
C2,0.00067210526,C167A
D2,0.0042284211,C167A
E2,0.08087218,C167A
F2,0.10529053,C167A
G2,0.10858331,C167A
H2,0.03237,C167A
A3,-0.000027593985,C167A
B3,0.000032406015,C167A
C3,0.00066714286,C167A
D3,0.00917,C167A
E3,0.094286767,C167A
F3,0.10552729,C167A
G3,0.082094812,C167A
H3,0.060703233,C167A
A4,-0.000020451128,E53A
B4,-0.000033383459,E53A
C4,0.000016240602,E53A
D4,0.000015789474,E53A
E4,-0.000051804511,E53A
F4,-0.000091954887,E53A
G4,0.000036390977,E53A
H4,-0.000014135338,E53A
A5,0.000032706767,E53A
B5,-0.000018421053,E53A
C5,0.000022781955,E53A
D5,-0.000017443609,E53A
E5,-0.000076315789,E53A
F5,-0.000060150376,E53A
G5,-0.000083383459,E53A
H5,-0.000007593985,E53A
A6,-0.000027443609,E53A
B6,-0.00004075188,E53A
C6,-0.000023082707,E53A
D6,-0.000011278195,E53A
E6,-0.000086090226,E53A
F6,0.000054285714,E53A
G6,-0.000073984962,E53A
H6,-0.000011203008,E53A
A7,0.000028421053,H178A
B7,0.000025037594,H178A
C7,-0.000052932331,H178A
D7,0.00023105263,H178A
E7,0.00064203008,H178A
F7,0.0016082707,H178A
G7,0.0017030075,H178A
H7,0.0018953383,H178A
A8,-0.000032330827,H178A
B8,-0.000025789474,H178A
C8,-0.000023383459,H178A
D8,0.000059473684,H178A
E8,0.00031992481,H178A
F8,0.0013050376,H178A
G8,0.0024207519,H178A
H8,0.00088263158,H178A
A9,-0.000029924812,H178A
B9,-0.000024586466,H178A
C9,-0.000091353383,H178A
D9,0.000048646617,H178A
E9,0.00036571429,H178A
F9,0.0014761654,H178A
G9,0.001072406,H178A
H9,0.0016223308,H178A
A10,0.000060150376,L171A
B10,-0.000065338346,L171A
C10,0.00003593985,L171A
D10,0.0050996241,L171A
E10,0.084051579,L171A
F10,0.06298609,L171A
G10,0.15257714,L171A
H10,0.082380977,L171A
A11,0.00003556391,L171A
B11,-0.000045263158,L171A
C11,0.00012593985,L171A
D11,0.0041553383,L171A
E11,0.10153504,L171A
F11,0.13966767,L171A
G11,0.13324789,L171A
H11,0.12023579,L171A
A12,0.000046315789,L171A
B12,0.000066842105,L171A
C12,0.000060300752,L171A
D12,0.0037227068,L171A
E12,0.10758361,L171A
F12,0.1364206,L171A
G12,0.15655278,L171A
H12,0.089404586,L171A
A1,-0.024163835,M323A
B1,-0.022586692,M323A
C1,-0.011217444,M323A
D1,0.0095020301,M323A
E1,0.066829173,M323A
F1,0.069326692,M323A
G1,0.075946541,M323A
H1,0.072435038,M323A
A2,-0.0087289474,M323A
B2,-0.015646541,M323A
C2,-0.01328188,M323A
D2,-0.012800677,M323A
E2,0.066810526,M323A
F2,0.073004286,M323A
G2,0.068889925,M323A
H2,0.067256316,M323A
A3,-0.0095193233,M323A
B3,-0.013729173,M323A
C3,-0.011380451,M323A
D3,0.011101353,M323A
E3,0.059282256,M323A
F3,0.063079925,M323A
G3,0.068828271,M323A
H3,0.062509474,M323A
A4,-0.010279323,Q19A
B4,-0.012999774,Q19A
C4,-0.016225489,Q19A
D4,-0.0026506015,Q19A
E4,-0.01425391,Q19A
F4,-0.013276165,Q19A
G4,-0.022963383,Q19A
H4,0.00036766917,Q19A
A5,-0.025208647,Q19A
B5,-0.015067368,Q19A
C5,-0.0063306015,Q19A
D5,-0.011703459,Q19A
E5,-0.021260526,Q19A
F5,-0.013066992,Q19A
G5,-0.011678647,Q19A
H5,0.00048293233,Q19A
A6,-0.0094705263,Q19A
B6,-0.018108421,Q19A
C6,-0.018702932,Q19A
D6,-0.02364812,Q19A
E6,-0.012860301,Q19A
F6,-0.0062793233,Q19A
G6,-0.011169023,Q19A
H6,-0.003246015,Q19A
A7,-0.022364436,R240A
B7,-0.0091454135,R240A
C7,-0.017213684,R240A
D7,-0.01000782,R240A
E7,0.086297895,R240A
F7,0.12080985,R240A
G7,0.13983669,R240A
H7,0.17218556,R240A
A8,-0.010037594,R240A
B8,-0.017573609,R240A
C8,-0.021373158,R240A
D8,0.0086063158,R240A
E8,0.10143782,R240A
F8,0.12989474,R240A
G8,0.1249285,R240A
H8,0.14557594,R240A
A9,-0.014779398,R240A
B9,-0.022426992,R240A
C9,-0.0030495489,R240A
D9,0.0065486466,R240A
E9,0.11551421,R240A
F9,0.14563391,R240A
G9,0.15580609,R240A
H9,0.11969158,R240A
A10,-0.0082889474,T296A
B10,-0.0040230075,T296A
C10,-0.00075796992,T296A
D10,-0.017159323,T296A
E10,-0.0076142857,T296A
F10,-0.011950602,T296A
G10,-0.0061072932,T296A
H10,-0.02006594,T296A
A11,-0.0055795489,T296A
B11,-0.0056030827,T296A
C11,0.00053233083,T296A
D11,-0.0034077444,T296A
E11,-0.011339323,T296A
F11,-0.019326842,T296A
G11,-0.010923008,T296A
H11,-0.0066844361,T296A
A12,-0.010443459,T296A
B12,-0.010087218,T296A
C12,-0.0043972932,T296A
D12,-0.0091151128,T296A
E12,-0.0096532331,T296A
F12,-0.0018759398,T296A
G12,0.0017284962,T296A
H12,-0.017830752,T296A
A1,0.00012909091,WT1
B1,0.00014424242,WT1
C1,0.00069272727,WT1
D1,0.062844242,WT1
E1,0.30738727,WT1
F1,0.30101394,WT1
G1,0.30509394,WT1
H1,0.34340667,WT1
A2,0.00016424242,WT1
B2,0.00012787879,WT1
C2,0.00065878788,WT1
D2,0.065335758,WT1
E2,0.29486727,WT1
F2,0.31404667,WT1
G2,0.32613576,WT1
H2,0.30458182,WT1
A3,0.00010363636,WT1
B3,0.00012848485,WT1
C3,0.00061393939,WT1
D3,0.064529697,WT1
E3,0.29221879,WT1
F3,0.30818182,WT1
G3,0.34382848,WT1
H3,0.34240848,WT1
A4,-0.000074545455,N293C
B4,0.000033939394,N293C
C4,0.000042424242,N293C
D4,0.00073939394,N293C
E4,0.0068078788,N293C
F4,0.0075418182,N293C
G4,0.0090206061,N293C
H4,0.010705455,N293C
A5,0.000044242424,N293C
B5,-0.00011515152,N293C
C5,-0.000043030303,N293C
D5,0.00067272727,N293C
E5,0.0071218182,N293C
F5,0.0089133333,N293C
G5,0.010532121,N293C
H5,0.010889091,N293C
A6,0.000060606061,N293C
B6,0.000044848485,N293C
C6,-0.000043636364,N293C
D6,0.00046606061,N293C
E6,0.0068375758,N293C
F6,0.0094781818,N293C
G6,0.0070727273,N293C
H6,0.0068678788,N293C
A7,0.0006569697,L362M
B7,0.00021030303,L362M
C7,0.0011369697,L362M
D7,0.073981818,L362M
E7,0.26179697,L362M
F7,0.31116545,L362M
G7,0.35002909,L362M
H7,0.35380364,L362M
A8,0.00020060606,L362M
B8,0.00022787879,L362M
C8,0.00098484848,L362M
D8,0.10929091,L362M
E8,0.29142545,L362M
F8,0.2997703,L362M
G8,0.34468788,L362M
H8,0.34727636,L362M
A9,0.00012,L362M
B9,0.00023757576,L362M
C9,0.0011763636,L362M
D9,0.10370303,L362M
E9,0.27459879,L362M
F9,0.28544182,L362M
G9,0.33586121,L362M
H9,0.36845879,L362M
A10,0.00004969697,F415N
B10,-0.000073333333,F415N
C10,-0.000046060606,F415N
D10,0.00011636364,F415N
E10,0.00022181818,F415N
F10,0.00026060606,F415N
G10,0.00019878788,F415N
H10,0.00021878788,F415N
A11,0.000057575758,F415N
B11,0.000075151515,F415N
C11,0.000041212121,F415N
D11,0.000098181818,F415N
E11,0.00022969697,F415N
F11,0.00023757576,F415N
G11,0.00026181818,F415N
H11,0.00021272727,F415N
A12,0.00010666667,F415N
B12,0.000078787879,F415N
C12,0.00025333333,F415N
D12,0.00006,F415N
E12,0.00022606061,F415N
F12,0.00023515152,F415N
G12,0.00021393939,F415N
H12,0.00021272727,F415N
A1,-0.00011818182,N293Q
B1,-0.000034545455,N293Q
C1,0.000025454545,N293Q
D1,0.00012181818,N293Q
E1,0.0019266667,N293Q
F1,0.0028284848,N293Q
G1,0.0030545455,N293Q
H1,0.0029993939,N293Q
A2,-0.000092121212,N293Q
B2,-0.000031515152,N293Q
C2,0.000035757576,N293Q
D2,0.00010545455,N293Q
E2,0.0019230303,N293Q
F2,0.0028745455,N293Q
G2,0.0028939394,N293Q
H2,0.0028345455,N293Q
A3,-0.000053939394,N293Q
B3,-0.000022424242,N293Q
C3,-0.000028484848,N293Q
D3,0.00012848485,N293Q
E3,0.0017993939,N293Q
F3,0.0026957576,N293Q
G3,0.0026787879,N293Q
H3,0.0024690909,N293Q
A4,0.00027636364,N220Y
B4,0.0019084848,N220Y
C4,0.011348485,N220Y
D4,0.17765818,N220Y
A5,0.00032969697,N220Y
B5,0.0017593939,N220Y
C5,0.0097224242,N220Y
D5,0.16306485,N220Y
E5,0.31206364,N220Y
A6,0.00031454545,N220Y
B6,0.0014806061,N220Y
C6,0.0080490909,N220Y
D6,0.1542097,N220Y
A7,0.00012484848,W409Y
B7,0.00026363636,W409Y
C7,0.00073272727,W409Y
D7,0.097718788,W409Y
A8,0.00012242424,W409Y
B8,0.00024545455,W409Y
C8,0.0010606061,W409Y
D8,0.12319576,W409Y
A9,0.00011454545,W409Y
B9,0.00029818182,W409Y
C9,0.0009,W409Y
D9,0.12580182,W409Y
A10,0.000052121212,W399R
B10,-0.000026060606,W399R
C10,0.000026666667,W399R
D10,0.000081212121,W399R
E10,0.000041818182,W399R
F10,0.00011575758,W399R
G10,0.00013757576,W399R
H10,-0.00013878788,W399R
A11,0.000044848485,W399R
B11,0.00005030303,W399R
C11,0.000035151515,W399R
D11,0.000073939394,W399R
E11,0.000055151515,W399R
F11,0.000051515152,W399R
G11,0.000041212121,W399R
H11,0.000062424242,W399R
A12,-0.000060606061,W399R
B12,0.000061818182,W399R
C12,0.00005030303,W399R
D12,0.000066060606,W399R
E12,0.000038181818,W399R
F12,0.000049090909,W399R
G12,0.000051515152,W399R
H12,0.00017515152,W399R
A1,0.000041212121,N220R
B1,0.000052121212,N220R
C1,0.000053333333,N220R
D1,0.00092969697,N220R
E1,0.0039309091,N220R
F1,0.0052824242,N220R
G1,0.0048769697,N220R
H1,0.0031369697,N220R
A2,0.000096969697,N220R
B2,-0.000078181818,N220R
C2,0.000063030303,N220R
D2,0.00093878788,N220R
E2,0.0034212121,N220R
F2,0.0054036364,N220R
G2,0.0043393939,N220R
H2,0.0052266667,N220R
A3,0.000051515152,N220R
B3,0.000054545455,N220R
C3,0.000037575758,N220R
D3,0.001190303,N220R
E3,0.0032630303,N220R
F3,0.0043672727,N220R
G3,0.0047230303,N220R
H3,0.004409697,N220R
A4,0.000098181818,Y294F
B4,0.00017939394,Y294F
C4,0.0012842424,Y294F
D4,0.14211697,Y294F
E4,0.34749455,Y294F
F4,0.33684545,Y294F
G4,0.33287091,Y294F
H4,0.36933818,Y294F
A5,0.00012606061,Y294F
B5,0.00019818182,Y294F
C5,0.00082424242,Y294F
D5,0.11378727,Y294F
E5,0.34965576,Y294F
F5,0.33517939,Y294F
G5,0.35132061,Y294F
H5,0.37176303,Y294F
A6,0.00013818182,Y294F
B6,0.00015818182,Y294F
C6,0.00088545455,Y294F
D6,0.094552121,Y294F
E6,0.33658485,Y294F
F6,0.35624606,Y294F
G6,0.33939939,Y294F
H6,0.36731273,Y294F
A1,-0.000063030303,WT
B1,-0.000061212121,WT
C1,0.0004369697,WT
D1,0.0088151515,WT
E1,0.034086667,WT
F1,0.037507273,WT
G1,0.039333333,WT
H1,0.030849091,WT
A2,-0.000046060606,WT
B2,0.000044242424,WT
C2,0.00039272727,WT
D2,0.0086757576,WT
E2,0.031570303,WT
F2,0.037244242,WT
G2,0.041554545,WT
H2,0.033023636,WT
A3,0.000053939394,WT
B3,0.000072121212,WT
C3,0.00039333333,WT
D3,0.00894,WT
E3,0.031298182,WT
F3,0.038703636,WT
G3,0.040106061,WT
H3,0.036439394,WT
A1,0.000036969697,E180L
B1,0.000067878788,E180L
C1,0.00018909091,E180L
D1,0.0055630303,E180L
E1,0.053184242,E180L
F1,0.07355697,E180L
G1,0.080029091,E180L
H1,0.082383636,E180L
A2,0.000033333333,E180L
B2,0.00004,E180L
C2,0.00018242424,E180L
D2,0.0055072727,E180L
E2,0.059812121,E180L
F2,0.09438303,E180L
G2,0.08942,E180L
H2,0.087479394,E180L
A3,0.000044848485,E180L
B3,0.000072121212,E180L
C3,0.00018787879,E180L
D3,0.0060690909,E180L
E3,0.051738788,E180L
F3,0.089609091,E180L
G3,0.058671515,E180L
H3,0.086576364,E180L
A4,0.000074545455,I303N
B4,0.00024060606,I303N
C4,0.0010109091,I303N
D4,0.0056939394,I303N
E4,0.024573939,I303N
F4,0.034802424,I303N
G4,0.046360606,I303N
H4,0.045718788,I303N
A5,0.000071515152,I303N
B5,0.00023878788,I303N
C5,0.00092060606,I303N
D5,0.0064448485,I303N
E5,0.021519394,I303N
F5,0.040736364,I303N
G5,0.046088485,I303N
H5,0.048563636,I303N
A6,0.000073333333,I303N
B6,0.00021454545,I303N
C6,0.00067636364,I303N
D6,0.0055575758,I303N
E6,0.021688485,I303N
F6,0.036392121,I303N
G6,0.046578182,I303N
H6,0.043815152,I303N
A7,0.000057575758,Q316R
B7,0.000062424242,Q316R
C7,0.00029818182,Q316R
D7,0.009350303,Q316R
E7,0.043334545,Q316R
F7,0.050354545,Q316R
G7,0.057622424,Q316R
H7,0.057455152,Q316R
A8,0.000055757576,Q316R
B8,0.000084242424,Q316R
C8,0.00034848485,Q316R
D8,0.013015152,Q316R
E8,0.033947273,Q316R
F8,0.052397576,Q316R
G8,0.058484848,Q316R
H8,0.060929697,Q316R
A9,0.000065454545,Q316R
B9,0.000098787879,Q316R
C9,0.00038,Q316R
D9,0.011994545,Q316R
E9,0.043895152,Q316R
F9,0.058789697,Q316R
G9,0.067951515,Q316R
H9,0.052112121,Q316R
A4,0.00011151515,K344A
B4,0.00022060606,K344A
C4,0.00060969697,K344A
D4,0.029850303,K344A
E4,0.31311273,K344A
F4,0.32330364,K344A
G4,0.34325515,K344A
H4,0.33845212,K344A
A5,0.000093939394,K344A
B5,0.00018666667,K344A
C5,0.00053454545,K344A
D5,0.027327273,K344A
E5,0.31524667,K344A
F5,0.32335333,K344A
G5,0.33457091,K344A
H5,0.33748545,K344A
A6,0.00011151515,K344A
B6,0.00022666667,K344A
C6,0.00051212121,K344A
D6,0.020600606,K344A
E6,0.31258909,K344A
F6,0.33684727,K344A
G6,0.32973333,K344A
H6,0.34244182,K344A
A7,0.00006969697,W402C
B7,-0.000052121212,W402C
C7,-0.0001,W402C
D7,0.00012,W402C
E7,0.00039212121,W402C
F7,0.00038727273,W402C
G7,0.00040181818,W402C
H7,0.00048121212,W402C
A8,0.000089090909,W402C
B8,0.00015878788,W402C
C8,-0.00010909091,W402C
D8,0.00015636364,W402C
E8,0.00032484848,W402C
F8,0.00037090909,W402C
G8,0.00042363636,W402C
H8,0.00039818182,W402C
A9,-0.000087272727,W402C
B9,-0.000066060606,W402C
C9,-0.00010909091,W402C
D9,0.0001569697,W402C
E9,0.00038666667,W402C
F9,0.0003430303,W402C
G9,0.00032545455,W402C
H9,0.00031878788,W402C
A10,0.000087878788,M361T
B10,0.00013030303,M361T
C10,0.00023939394,M361T
D10,0.014012727,M361T
E10,0.20746121,M361T
F10,0.22460606,M361T
G10,0.25117455,M361T
H10,0.27251879,M361T
A11,0.00021272727,M361T
B11,0.000080606061,M361T
C11,0.00027090909,M361T
D11,0.011207879,M361T
E11,0.21462909,M361T
F11,0.24739636,M361T
G11,0.25223091,M361T
H11,0.25823939,M361T
A12,0.00013454545,M361T
B12,0.00031515152,M361T
C12,0.00023575758,M361T
D12,0.01044303,M361T
E12,0.22489515,M361T
F12,0.22317152,M361T
G12,0.23234364,M361T
H12,0.26616424,M361T
A1,0.00006,N407C
B1,0.00014,N407C
C1,0.00116,N407C
D1,0.03174,N407C
E1,0.0437,N407C
F1,0.05077,N407C
G1,0.04627,N407C
H1,0.05051,N407C
A2,0.00008,N407C
B2,0.00015,N407C
C2,0.00116,N407C
D2,0.03278,N407C
E2,0.04241,N407C
F2,0.04723,N407C
G2,0.05214,N407C
H2,0.0529,N407C
A3,0.00006,N407C
B3,0.00014,N407C
C3,0.00127,N407C
D3,0.03924,N407C
E3,0.0433,N407C
F3,0.04749,N407C
G3,0.04853,N407C
H3,0.05083,N407C
A4,0.00008,E426S
B4,0.00016,E426S
C4,0.00041,E426S
D4,0.02569,E426S
E4,0.35981,E426S
F4,0.40662,E426S
G4,0.44765,E426S
H4,0.45814,E426S
A5,0.0001,E426S
B5,0.00013,E426S
C5,0.00023,E426S
D5,0.02224,E426S
E5,0.3576,E426S
F5,0.44048,E426S
G5,0.46793,E426S
H5,0.44784,E426S
A6,0.00009,E426S
B6,0.00013,E426S
C6,0.00035,E426S
D6,0.01633,E426S
E6,0.37763,E426S
F6,0.44155,E426S
G6,0.45202,E426S
H6,0.44997,E426S
A7,0.0001,V55G
B7,0.00015,V55G
C7,0.00026,V55G
D7,0.0174,V55G
E7,0.31243,V55G
F7,0.37831,V55G
G7,0.42543,V55G
H7,0.44074,V55G
A8,0.0001,V55G
B8,0.00015,V55G
C8,0.00017,V55G
D8,0.02484,V55G
E8,0.30831,V55G
F8,0.38681,V55G
G8,0.42035,V55G
H8,0.45416,V55G
A9,0.00011,V55G
B9,0.00015,V55G
C9,0.00036,V55G
D9,0.02479,V55G
E9,0.30931,V55G
F9,0.38065,V55G
G9,0.4278,V55G
H9,0.42193,V55G
A10,-0.00004,W328C
B10,0.00007,W328C
C10,-0.00018,W328C
D10,0.0017,W328C
E10,0.01163,W328C
F10,0.01436,W328C
G10,0.01544,W328C
H10,0.01819,W328C
A11,-0.00013,W328C
B11,0.00007,W328C
C11,-0.00005,W328C
D11,0.00128,W328C
E11,0.01165,W328C
F11,0.01603,W328C
G11,0.01653,W328C
H11,0.01604,W328C
A12,0.00006,W328C
B12,-0.00009,W328C
C12,0.0001,W328C
D12,0.00129,W328C
E12,0.01268,W328C
F12,0.01778,W328C
G12,0.01581,W328C
H12,0.0153,W328C
A1,0.00008,N166D
B1,0.00008,N166D
C1,0.00011,N166D
D1,0.00029,N166D
E1,0.00248,N166D
F1,0.00301,N166D
G1,0.00315,N166D
H1,0.00436,N166D
A2,0.0001,N166D
B2,0.0001,N166D
C2,0.00008,N166D
D2,0.00062,N166D
E2,0.00227,N166D
F2,0.00304,N166D
G2,0.00335,N166D
H2,0.0049,N166D
A3,0.00008,N166D
B3,0.00009,N166D
C3,0.0001,N166D
D3,0.00033,N166D
E3,0.00239,N166D
F3,0.00306,N166D
G3,0.00404,N166D
H3,0.00427,N166D
A4,0.00016,H101R
B4,0.00037,H101R
C4,0.00109,H101R
D4,0.14768,H101R
E4,0.45419,H101R
F4,0.50483,H101R
G4,0.56987,H101R
H4,0.55554,H101R
A5,0.00016,H101R
B5,0.00023,H101R
C5,0.001,H101R
D5,0.11623,H101R
E5,0.47005,H101R
F5,0.50604,H101R
G5,0.53805,H101R
H5,0.5531,H101R
A6,0.00021,H101R
B6,0.00026,H101R
C6,0.00091,H101R
D6,0.09064,H101R
E6,0.45147,H101R
F6,0.51779,H101R
G6,0.52669,H101R
H6,0.51982,H101R
A7,0.0001,H379T
B7,0.00026,H379T
C7,-0.0001,H379T
D7,0.00012,H379T
E7,0.00024,H379T
F7,0.00014,H379T
G7,0.00013,H379T
H7,0.0002,H379T
A8,0.00027,H379T
B8,0.00019,H379T
C8,0.00014,H379T
D8,0.00023,H379T
E8,0.00011,H379T
F8,0.00014,H379T
G8,0.00015,H379T
H8,0.00017,H379T
A9,-0.00015,H379T
B9,0.00043,H379T
C9,0.00012,H379T
D9,0.0001,H379T
E9,0.00026,H379T
F9,0.00014,H379T
G9,0.00094,H379T
H9,0.00011,H379T
A10,0.00021,M261D
B10,-0.00042,M261D
C10,0.00014,M261D
D10,0.00019,M261D
E10,-0.00033,M261D
F10,0.00013,M261D
G10,-0.00067,M261D
H10,0.00044,M261D
A11,0.00024,M261D
B11,-0.00034,M261D
C11,0.00016,M261D
D11,0.00035,M261D
E11,0.00023,M261D
F11,0.00016,M261D
G11,0.00028,M261D
H11,0.00054,M261D
A12,0.00024,M261D
B12,-0.0001,M261D
C12,-0.00017,M261D
D12,-0.00018,M261D
E12,-0.00035,M261D
F12,0.00011,M261D
G12,0.00026,M261D
H12,0.0004,M261D
A4,0.00013,H373R
B4,0.00008,H373R
C4,0.00021,H373R
D4,0.00407,H373R
E4,0.11439,H373R
F4,0.16023,H373R
G4,0.16152,H373R
H4,0.11645,H373R
A5,-0.00013,H373R
B5,0.00013,H373R
C5,0.00018,H373R
D5,0.00355,H373R
E5,0.10989,H373R
F5,0.13588,H373R
G5,0.17278,H373R
H5,0.13538,H373R
A6,0.00007,H373R
B6,0.00008,H373R
C6,0.00023,H373R
D6,0.00314,H373R
E6,0.14435,H373R
F6,0.13217,H373R
G6,0.18174,H373R
H6,0.15009,H373R
A7,0.00007,E154D
B7,-0.00008,E154D
C7,0.00015,E154D
D7,0.00197,E154D
E7,0.01699,E154D
F7,0.02501,E154D
G7,0.02944,E154D
H7,0.01436,E154D
A8,-0.00013,E154D
B8,0.00011,E154D
C8,0.00027,E154D
D8,0.00229,E154D
E8,0.01705,E154D
F8,0.02326,E154D
G8,0.02926,E154D
H8,0.02387,E154D
A9,0.0001,E154D
B9,0.00008,E154D
C9,-0.00078,E154D
D9,0.0025,E154D
E9,0.01545,E154D
F9,0.02612,E154D
G9,0.0272,E154D
H9,0.02602,E154D
A10,0.00009,H379R
B10,-0.0001,H379R
C10,-0.00016,H379R
D10,0.00009,H379R
E10,0.00006,H379R
F10,-0.00008,H379R
G10,-0.00021,H379R
H10,-0.00009,H379R
A11,-0.00011,H379R
B11,-0.00011,H379R
C11,0.00008,H379R
D11,0.00008,H379R
E11,-0.00019,H379R
F11,-0.00008,H379R
G11,-0.00303,H379R
H11,-0.00014,H379R
A12,-0.00008,H379R
B12,0.00013,H379R
C12,-0.0001,H379R
D12,-0.00008,H379R
E12,-0.00015,H379R
F12,0.00009,H379R
G12,-0.00011,H379R
H12,-0.00008,H379R
A1,0.0001,A356A
B1,0.00019,A356A
C1,0.00068,A356A
D1,0.05773,A356A
E1,0.36178,A356A
F1,0.43733,A356A
G1,0.42067,A356A
H1,0.43522,A356A
A2,0.00009,A356A
B2,0.00015,A356A
C2,0.00062,A356A
D2,0.05824,A356A
E2,0.35549,A356A
F2,0.38822,A356A
G2,0.40274,A356A
H2,0.41939,A356A
A3,0.0001,A356A
B3,0.00016,A356A
C3,0.00069,A356A
D3,0.06942,A356A
E3,0.35776,A356A
F3,0.3666,A356A
G3,0.39719,A356A
H3,0.40835,A356A
A4,0.00008,E177A
B4,-0.00008,E177A
C4,0.00018,E177A
D4,0.00393,E177A
E4,0.08425,E177A
F4,0.09344,E177A
G4,0.17603,E177A
H4,0.19473,E177A
A5,-0.0001,E177A
B5,-0.00008,E177A
C5,0.00017,E177A
D5,0.00372,E177A
E5,0.0875,E177A
F5,0.14921,E177A
G5,0.17017,E177A
H5,0.19798,E177A
A6,0.00078,E177A
B6,0.0001,E177A
C6,0.00024,E177A
D6,0.00293,E177A
E6,0.08853,E177A
F6,0.14512,E177A
G6,0.16807,E177A
H6,0.18145,E177A
A7,0.00011,A408A
B7,0.00017,A408A
C7,0.00059,A408A
D7,0.05145,A408A
E7,0.37711,A408A
F7,0.42774,A408A
G7,0.43083,A408A
H7,0.3937,A408A
A8,0.0001,A408A
B8,0.00019,A408A
C8,0.00063,A408A
D8,0.06257,A408A
E8,0.40806,A408A
F8,0.39995,A408A
G8,0.44862,A408A
H8,0.44167,A408A
A9,-0.00013,A408A
B9,0.00017,A408A
C9,0.00068,A408A
D9,0.06158,A408A
E9,0.37921,A408A
F9,0.423,A408A
G9,0.44479,A408A
H9,0.45475,A408A
A10,-0.00011,D403A
B10,-0.00006,D403A
C10,-0.00008,D403A
D10,-0.00005,D403A
E10,-0.00007,D403A
F10,-0.00011,D403A
G10,0.00006,D403A
H10,0.00005,D403A
A11,0.00007,D403A
B11,-0.00009,D403A
C11,-0.00009,D403A
D11,-0.00009,D403A
E11,-0.00008,D403A
F11,-0.00005,D403A
G11,-0.00005,D403A
H11,-0.00007,D403A
A12,0.00009,D403A
B12,-0.00005,D403A
C12,-0.00006,D403A
D12,-0.00006,D403A
E12,-0.00006,D403A
F12,-0.00008,D403A
G12,0.0001,D403A
H12,0.00006,D403A
A1,0.00012,S334A
B1,0.00013,S334A
C1,0.00046,S334A
D1,0.00949,S334A
E1,0.03228,S334A
F1,0.02957,S334A
G1,0.05066,S334A
H1,0.042,S334A
A2,0.00009,S334A
B2,0.00017,S334A
C2,0.00049,S334A
D2,0.00994,S334A
E2,0.02577,S334A
F2,0.04142,S334A
G2,0.04623,S334A
H2,0.03956,S334A
A3,0.00009,S334A
B3,0.00021,S334A
C3,0.00078,S334A
D3,0.01311,S334A
E3,0.03837,S334A
F3,0.04272,S334A
G3,0.04883,S334A
H3,0.03851,S334A
A4,0.00013,A195S
B4,0.00008,A195S
C4,0.00021,A195S
D4,0.00407,A195S
E4,0.11439,A195S
F4,0.16023,A195S
G4,0.16152,A195S
H4,0.11645,A195S
A5,-0.00013,A195S
B5,0.00013,A195S
C5,0.00018,A195S
D5,0.00355,A195S
E5,0.10989,A195S
F5,0.13588,A195S
G5,0.17278,A195S
H5,0.13538,A195S
A6,0.00007,A195S
B6,0.00008,A195S
C6,0.00023,A195S
D6,0.00314,A195S
E6,0.14435,A195S
F6,0.13217,A195S
G6,0.18174,A195S
H6,0.15009,A195S
A7,0.00007,L174R
B7,-0.00008,L174R
C7,0.00015,L174R
D7,0.00197,L174R
E7,0.01699,L174R
F7,0.02501,L174R
G7,0.02944,L174R
H7,0.01436,L174R
A8,-0.00013,L174R
B8,0.00011,L174R
C8,0.00027,L174R
D8,0.00229,L174R
E8,0.01705,L174R
F8,0.02326,L174R
G8,0.02926,L174R
H8,0.02387,L174R
A9,0.0001,L174R
B9,0.00008,L174R
C9,-0.00078,L174R
D9,0.0025,L174R
E9,0.01545,L174R
F9,0.02612,L174R
G9,0.0272,L174R
H9,0.02602,L174R
A10,0.00009,Y169P
B10,-0.0001,Y169P
C10,-0.00016,Y169P
D10,0.00009,Y169P
E10,0.00006,Y169P
F10,-0.00008,Y169P
G10,-0.00021,Y169P
H10,-0.00009,Y169P
A11,-0.00011,Y169P
B11,-0.00011,Y169P
C11,0.00008,Y169P
D11,0.00008,Y169P
E11,-0.00019,Y169P
F11,-0.00008,Y169P
G11,-0.00303,Y169P
H11,-0.00014,Y169P
A12,-0.00008,Y169P
B12,0.00013,Y169P
C12,-0.0001,Y169P
D12,-0.00008,Y169P
E12,-0.00015,Y169P
F12,0.00009,Y169P
G12,-0.00011,Y169P
H12,-0.00008,Y169P
A1,0.0002,W328L
B1,0.00046,W328L
C1,0.00012,W328L
D1,0.00168,W328L
E1,0.00362,W328L
F1,0.00498,W328L
G1,0.00555,W328L
H1,0.00349,W328L
A2,0.00023,W328L
B2,0.00046,W328L
C2,0.00022,W328L
D2,0.0014,W328L
E2,0.00389,W328L
F2,0.00523,W328L
G2,0.0072,W328L
H2,0.00514,W328L
A3,-0.00021,W328L
B3,0.00017,W328L
C3,0.00047,W328L
D3,0.00219,W328L
E3,0.00436,W328L
F3,0.00479,W328L
G3,0.00706,W328L
H3,0.00553,W328L
A4,-0.00013,Q22S
B4,0.00022,Q22S
C4,0.00038,Q22S
D4,0.00201,Q22S
E4,0.00771,Q22S
F4,0.01614,Q22S
G4,0.02688,Q22S
H4,0.02222,Q22S
A5,0.00008,Q22S
B5,-0.00023,Q22S
C5,0.00045,Q22S
D5,0.0019,Q22S
E5,0.00569,Q22S
F5,0.01522,Q22S
G5,0.02431,Q22S
H5,0.02307,Q22S
A6,0.0001,Q22S
B6,0.0002,Q22S
C6,-0.00024,Q22S
D6,0.00154,Q22S
E6,0.00801,Q22S
F6,0.01421,Q22S
G6,0.02417,Q22S
H6,0.0226,Q22S
A7,-0.00026,H122N
B7,-0.0003,H122N
C7,0.00022,H122N
D7,-0.00038,H122N
E7,0.00034,H122N
F7,0.00016,H122N
G7,-0.00024,H122N
H7,0.00015,H122N
A8,-0.0002,H122N
B8,0.00031,H122N
C8,-0.00037,H122N
D8,-0.00018,H122N
E8,-0.00029,H122N
F8,-0.00023,H122N
G8,-0.00041,H122N
H8,-0.00011,H122N
A9,0.00018,H122N
B9,-0.00038,H122N
C9,0.0003,H122N
D9,-0.00044,H122N
E9,0.00015,H122N
F9,-0.00019,H122N
G9,-0.00023,H122N
H9,0.00029,H122N
A10,0.00016,N223G
B10,-0.00014,N223G
C10,0.00018,N223G
D10,0.00467,N223G
E10,0.00745,N223G
F10,0.00797,N223G
G10,0.01035,N223G
H10,0.00808,N223G
A11,-0.00005,N223G
B11,-0.00031,N223G
C11,0.0002,N223G
D11,0.00475,N223G
E11,0.00793,N223G
F11,0.00918,N223G
G11,0.01244,N223G
H11,0.00903,N223G
A12,0.00009,N223G
B12,-0.00025,N223G
C12,0.00022,N223G
D12,0.00526,N223G
E12,0.00708,N223G
F12,0.00861,N223G
G12,0.01117,N223G
H12,0.00115,N223G
A1,0.00138,I247N
B1,-0.00181,I247N
C1,0.00012,I247N
D1,0.00026,I247N
E1,0.00409,I247N
F1,0.01101,I247N
G1,0.01125,I247N
H1,0.01241,I247N
A2,0.00019,I247N
B2,0.00026,I247N
C2,0.00012,I247N
D2,0.00033,I247N
E2,0.00418,I247N
F2,0.01067,I247N
G2,0.0132,I247N
H2,0.01106,I247N
A3,-0.00015,I247N
B3,0.0001,I247N
C3,0.00026,I247N
D3,0.00036,I247N
E3,0.00368,I247N
F3,0.01069,I247N
G3,0.01251,I247N
H3,0.00816,I247N
A4,0.00007,F75H
B4,0.00009,F75H
C4,0.00017,F75H
D4,0.00069,F75H
E4,0.00418,F75H
F4,0.00724,F75H
G4,0.0063,F75H
H4,0.00516,F75H
A5,-0.00008,F75H
B5,0.0001,F75H
C5,0.00015,F75H
D5,0.00071,F75H
E5,0.00412,F75H
F5,0.00807,F75H
G5,0.00683,F75H
H5,0.00498,F75H
A6,-0.00007,F75H
B6,0.00016,F75H
C6,0.00015,F75H
D6,0.00059,F75H
E6,0.00387,F75H
F6,0.00671,F75H
G6,0.00624,F75H
H6,0.0004,F75H
A7,-0.0001,W328L
B7,-0.00012,W328L
C7,-0.00014,W328L
D7,-0.00013,W328L
E7,0.00016,W328L
F7,0.0001,W328L
G7,0.00011,W328L
H7,-0.00048,W328L
A8,-0.0001,W328L
B8,-0.00008,W328L
C8,0.00008,W328L
D8,0.0001,W328L
E8,0.00009,W328L
F8,0.00008,W328L
G8,0.00007,W328L
H8,0.00048,W328L
A9,-0.00012,W328L
B9,0.00013,W328L
C9,0.00011,W328L
D9,0.00012,W328L
E9,0.00007,W328L
F9,0.00014,W328L
G9,0.00033,W328L
H9,0.00009,W328L
A10,-0.00009,S19A
B10,-0.00007,S19A
C10,0.00015,S19A
D10,0.00083,S19A
E10,0.00231,S19A
F10,0.00321,S19A
G10,0.00316,S19A
H10,0.00293,S19A
A11,-0.00011,S19A
B11,-0.00008,S19A
C11,0.00009,S19A
D11,0.00064,S19A
E11,0.00196,S19A
F11,0.00286,S19A
G11,0.00304,S19A
H11,0.00329,S19A
A12,-0.00008,S19A
B12,0.0001,S19A
C12,0.00011,S19A
D12,0.00051,S19A
E12,0.00211,S19A
F12,0.00298,S19A
G12,0.00279,S19A
H12,0.00054,S19A
A4,0.0001,T15A
B4,0.00013,T15A
C4,0.00034,T15A
D4,0.0265,T15A
E4,0.09769,T15A
F4,0.13353,T15A
G4,0.14928,T15A
H4,0.15886,T15A
A5,0.0001,T15A
B5,0.00032,T15A
C5,0.00029,T15A
D5,0.02624,T15A
E5,0.10294,T15A
F5,0.11366,T15A
G5,0.12204,T15A
H5,0.14193,T15A
A6,0.0001,T15A
B6,-0.00009,T15A
C6,0.00029,T15A
D6,0.02094,T15A
E6,0.1003,T15A
F6,0.1132,T15A
G6,0.12592,T15A
H6,0.13991,T15A
A7,0.00014,T218A
B7,0.00032,T218A
C7,0.00219,T218A
D7,0.04167,T218A
E7,0.24887,T218A
F7,0.28634,T218A
G7,0.28877,T218A
H7,0.28846,T218A
A8,0.00014,T218A
B8,0.00034,T218A
C8,0.00365,T218A
D8,0.05554,T218A
E8,0.24545,T218A
F8,0.2653,T218A
G8,0.27365,T218A
H8,0.29639,T218A
A9,0.00014,T218A
B9,0.0007,T218A
C9,0.00232,T218A
D9,0.05154,T218A
E9,0.25823,T218A
F9,0.26847,T218A
G9,0.28057,T218A
H9,0.29718,T218A
A10,-0.0001,T352A
B10,0.00008,T352A
C10,0.00017,T352A
D10,0.00314,T352A
E10,0.00006,T352A
F10,0.06036,T352A
G10,0.06942,T352A
H10,0.07199,T352A
A11,0.00016,T352A
B11,0.00009,T352A
C11,0.00013,T352A
D11,0.00217,T352A
E11,0.04379,T352A
F11,0.06098,T352A
G11,0.06679,T352A
H11,0.07086,T352A
A12,0.00009,T352A
B12,0.00009,T352A
C12,0.00013,T352A
D12,0.00275,T352A
E12,0.04482,T352A
F12,0.06073,T352A
G12,0.06534,T352A
H12,0.0651,T352A
A1,0.00018,W407A
B1,0.00047,W407A
C1,0.00008,W407A
D1,-0.00005,W407A
E1,0.00031,W407A
F1,0.00011,W407A
G1,0.00012,W407A
H1,0.00009,W407A
A2,0.00013,W407A
B2,-0.0001,W407A
C2,0.00005,W407A
D2,-0.00013,W407A
E2,0.00015,W407A
F2,-0.00008,W407A
G2,-0.00009,W407A
H2,0.00008,W407A
A3,-0.00013,W407A
B3,0.00015,W407A
C3,-0.00008,W407A
D3,-0.00017,W407A
E3,0.00009,W407A
F3,0.00013,W407A
G3,0.00013,W407A
H3,0.00007,W407A
A4,0.00045,Y18A
B4,0.00013,Y18A
C4,0.00014,Y18A
D4,0.00179,Y18A
E4,0.00604,Y18A
F4,0.00869,Y18A
G4,0.00983,Y18A
H4,0.01307,Y18A
A5,-0.00007,Y18A
B5,0.00015,Y18A
C5,0.00013,Y18A
D5,0.00159,Y18A
E5,0.00602,Y18A
F5,0.0094,Y18A
G5,0.0098,Y18A
H5,0.01162,Y18A
A6,0.00006,Y18A
B6,0.00007,Y18A
C6,0.00025,Y18A
D6,0.00135,Y18A
E6,0.00577,Y18A
F6,0.00839,Y18A
G6,0.00928,Y18A
H6,0.00982,Y18A
A7,0.00009,E164G
B7,-0.00007,E164G
C7,-0.00041,E164G
D7,0.00017,E164G
E7,-0.00014,E164G
F7,-0.00008,E164G
G7,0.00014,E164G
H7,0.00008,E164G
A8,0.00009,E164G
B8,0.00018,E164G
C8,-0.00015,E164G
D8,0.00021,E164G
E8,-0.00005,E164G
F8,0.00012,E164G
G8,-0.00007,E164G
H8,0.00014,E164G
A9,-0.00007,E164G
B9,0.00014,E164G
C9,0.00009,E164G
D9,-0.00042,E164G
E9,-0.00017,E164G
F9,0.00012,E164G
G9,0.00008,E164G
H9,0.00009,E164G
A10,0.00013,E222H
B10,0.00059,E222H
C10,-0.00014,E222H
D10,0.00013,E222H
E10,0.00036,E222H
F10,0.00143,E222H
G10,0.00383,E222H
H10,0.00487,E222H
A11,-0.00022,E222H
B11,0.00019,E222H
C11,0.00011,E222H
D11,0.00013,E222H
E11,0.00044,E222H
F11,0.00199,E222H
G11,0.00334,E222H
H11,0.00467,E222H
A12,0.00008,E222H
B12,-0.00023,E222H
C12,-0.00021,E222H
D12,0.00041,E222H
E12,0.00039,E222H
F12,0.00143,E222H
G12,0.004,E222H
H12,0.00441,E222H
A1,0.00008,N163D
B1,0.000058181818,N163D
C1,0.000045454545,N163D
D1,0.00032060606,N163D
E1,0.0039842424,N163D
F1,0.0049163636,N163D
G1,0.0047921212,N163D
H1,0.0045418182,N163D
A2,-0.000040606061,N163D
B2,0.000046666667,N163D
C2,0.00004,N163D
D2,0.00032484848,N163D
E2,0.0039,N163D
F2,0.0047824242,N163D
G2,0.0050709091,N163D
H2,0.0052478788,N163D
A3,-0.00010606061,N163D
B3,0.000084848485,N163D
C3,0.000027272727,N163D
D3,0.00038848485,N163D
E3,0.0036806061,N163D
F3,0.004690303,N163D
G3,0.0050418182,N163D
H3,0.0052151515,N163D
A4,-0.000061818182,Q19C
B4,0.000083636364,Q19C
C4,-0.000049090909,Q19C
D4,-0.000051515152,Q19C
E4,0.000067272727,Q19C
F4,0.000090909091,Q19C
G4,0.000074545455,Q19C
H4,0.00008,Q19C
A5,0.000064242424,Q19C
B5,0.000061212121,Q19C
C5,0.000090909091,Q19C
D5,0.00008969697,Q19C
E5,0.000077575758,Q19C
F5,0.00006969697,Q19C
G5,0.000044848485,Q19C
H5,0.000046666667,Q19C
A6,0.000092121212,Q19C
B6,0.000058787879,Q19C
C6,0.000055151515,Q19C
D6,0.00010242424,Q19C
E6,-0.00019515152,Q19C
F6,0.000081818182,Q19C
G6,0.000072121212,Q19C
H6,0.000044242424,Q19C
A7,0.000075757576,R240E
B7,0.000042424242,R240E
C7,0.00019212121,R240E
D7,-0.000052727273,R240E
E7,0.000038181818,R240E
F7,0.000055757576,R240E
G7,-0.000086666667,R240E
H7,0.000044848485,R240E
A8,-0.000042424242,R240E
B8,0.000062424242,R240E
C8,-0.000049090909,R240E
D8,-0.000067272727,R240E
E8,0.000035757576,R240E
F8,0.00005030303,R240E
G8,0.000045454545,R240E
H8,0.000035757576,R240E
A9,0.00038606061,R240E
B9,0.000052727273,R240E
C9,0.000053939394,R240E
D9,-0.000039393939,R240E
E9,-0.000061818182,R240E
F9,0.000041212121,R240E
G9,0.000064848485,R240E
H9,0.000035151515,R240E
A10,0.000060606061,R240K
B10,0.00008969697,R240K
C10,0.00026,R240K
D10,0.0089163636,R240K
E10,0.25172424,R240K
F10,0.26370303,R240K
G10,0.31464424,R240K
H10,0.33358848,R240K
A11,0.000070909091,R240K
B11,0.00010848485,R240K
C11,0.00023575758,R240K
D11,0.007610303,R240K
E11,0.25417212,R240K
F11,0.30308606,R240K
G11,0.33528788,R240K
H11,0.33365212,R240K
A12,0.000055757576,R240K
B12,0.000095757576,R240K
C12,0.00025757576,R240K
D12,0.0071218182,R240K
E12,0.25961455,R240K
F12,0.29352303,R240K
G12,0.30102485,R240K
H12,0.34253394,R240K
A1,0.00010727273,H122E
B1,0.00004969697,H122E
C1,0.00013212121,H122E
D1,0.00003030303,H122E
E1,0.000087878788,H122E
F1,-0.000030909091,H122E
G1,0.000033939394,H122E
H1,0.000023636364,H122E
A2,0.000047272727,H122E
B2,-0.000052727273,H122E
C2,-0.00010969697,H122E
D2,0.000076363636,H122E
E2,-0.000088484848,H122E
F2,0.000046666667,H122E
G2,-0.000035151515,H122E
H2,0.000026060606,H122E
A3,0.00002969697,H122E
B3,0.000020606061,H122E
C3,-0.000056969697,H122E
D3,-0.000082424242,H122E
E3,0.00026545455,H122E
F3,-0.000050909091,H122E
G3,0.000048484848,H122E
H3,0.00003030303,H122E
A4,0.000064242424,E180L
B4,0.000088484848,E180L
C4,0.00012545455,E180L
D4,0.0021860606,E180L
E4,0.0086393939,E180L
F4,0.0083721212,E180L
G4,0.0083333333,E180L
H4,0.00994,E180L
A5,0.000046060606,E180L
B5,0.000055757576,E180L
C5,0.00010727273,E180L
D5,0.0016436364,E180L
E5,0.0075018182,E180L
F5,0.0080684848,E180L
G5,0.0042539394,E180L
H5,0.009869697,E180L
A6,0.000075151515,E180L
B6,0.000053939394,E180L
C6,0.000094545455,E180L
D6,0.00034727273,E180L
E6,0.0068824242,E180L
F6,0.007710303,E180L
G6,0.010322424,E180L
H6,0.0091327273,E180L
A7,0.000036969697,I303N
B7,0.000093939394,I303N
C7,0.00046363636,I303N
D7,0.001309697,I303N
E7,0.0063024242,I303N
F7,0.0071969697,I303N
G7,0.0085212121,I303N
H7,0.0049072727,I303N
A8,0.00009030303,I303N
B8,0.000075151515,I303N
C8,0.00060969697,I303N
D8,0.001289697,I303N
E8,0.0073042424,I303N
F8,0.0067727273,I303N
G8,0.0096339394,I303N
H8,0.0064145455,I303N
A9,-0.00004969697,I303N
B9,0.000068484848,I303N
C9,0.00026787879,I303N
D9,0.0016581818,I303N
E9,0.0037321212,I303N
F9,0.0068969697,I303N
G9,0.0084090909,I303N
H9,0.010358788,I303N
A10,0.000074545455,Q316R
B10,0.000041818182,Q316R
C10,0.000043636364,Q316R
D10,0.00232,Q316R
E10,0.0055181818,Q316R
F10,0.0052345455,Q316R
G10,0.0068012121,Q316R
H10,0.0057412121,Q316R
A11,-0.000079393939,Q316R
B11,-0.000046060606,Q316R
C11,0.00011454545,Q316R
D11,0.0018842424,Q316R
E11,0.0061278788,Q316R
F11,0.0050848485,Q316R
G11,0.0059418182,Q316R
H11,0.0059739394,Q316R
A12,0.000066060606,Q316R
B12,0.000050909091,Q316R
C12,0.00012969697,Q316R
D12,0.0015175758,Q316R
E12,0.0053254545,Q316R
F12,0.0047975758,Q316R
G12,0.005470303,Q316R
H12,0.0053660606,Q316R
A1,0.000084848485,T178R
B1,0.00004,T178R
C1,0.000048484848,T178R
D1,0.00015939394,T178R
E1,0.00067636364,T178R
F1,0.001149697,T178R
G1,0.0013624242,T178R
H1,0.0014987879,T178R
A2,0.000075151515,T178R
B2,-0.000035151515,T178R
C2,0.000043030303,T178R
D2,0.00017212121,T178R
E2,0.0006830303,T178R
F2,0.0011206061,T178R
G2,0.0013715152,T178R
H2,0.0014630303,T178R
A3,0.00002969697,T178R
B3,0.000022424242,T178R
C3,0.000032727273,T178R
D3,0.00016606061,T178R
E3,0.00060060606,T178R
F3,0.0010260606,T178R
G3,0.0012969697,T178R
H3,0.00134,T178R
A4,0.000029090909,I247N
B4,-0.000046666667,I247N
C4,0.000041818182,I247N
D4,-0.000079393939,I247N
E4,0.00010606061,I247N
F4,0.00013333333,I247N
G4,0.0002230303,I247N
H4,0.00028242424,I247N
A5,0.000037575758,I247N
B5,-0.000033333333,I247N
C5,-0.000021818182,I247N
D5,0.000044848485,I247N
E5,0.000076363636,I247N
F5,0.00023030303,I247N
G5,0.00016787879,I247N
H5,0.00028363636,I247N
A6,-0.000037575758,I247N
B6,0.000027272727,I247N
C6,0.000024242424,I247N
D6,0.000016969697,I247N
E6,0.000068484848,I247N
F6,0.00024969697,I247N
G6,0.00017575758,I247N
H6,0.00022424242,I247N
A7,-0.000065454545,F75H
B7,-0.000030909091,F75H
C7,0.000039393939,F75H
D7,0.000084242424,F75H
E7,0.00015454545,F75H
F7,0.00017757576,F75H
G7,0.00020909091,F75H
H7,0.00026848485,F75H
A8,0.00002969697,F75H
B8,0.000023030303,F75H
C8,0.000048484848,F75H
D8,0.000066666667,F75H
E8,0.00012787879,F75H
F8,-0.000023636364,F75H
G8,0.00022848485,F75H
H8,0.00021393939,F75H
A9,-0.000052121212,F75H
B9,0.000053333333,F75H
C9,0.000038787879,F75H
D9,0.000078181818,F75H
E9,0.00012545455,F75H
F9,0.00017090909,F75H
G9,0.00022363636,F75H
H9,0.00021757576,F75H
A10,-0.000040606061,W328L
B10,0.000053939394,W328L
C10,0.000045454545,W328L
D10,0.00015454545,W328L
E10,0.00040424242,W328L
F10,0.00046242424,W328L
G10,0.00016969697,W328L
H10,0.00042060606,W328L
A11,-0.000066666667,W328L
B11,0.000046666667,W328L
C11,0.000030909091,W328L
D11,0.00017090909,W328L
E11,0.00036545455,W328L
F11,0.00045515152,W328L
G11,0.00041939394,W328L
H11,0.00044606061,W328L
A12,-0.000034545455,W328L
B12,0.000067272727,W328L
C12,0.000057575758,W328L
D12,0.00016848485,W328L
E12,0.00052727273,W328L
F12,0.00041272727,W328L
G12,0.00046424242,W328L
H12,0.00043757576,W328L
A1,0.000061818182,S19A
B1,0.000050909091,S19A
C1,0.000056969697,S19A
D1,0.00044545455,S19A
E1,0.0020224242,S19A
F1,0.0025054545,S19A
G1,0.0024448485,S19A
H1,0.0028745455,S19A
A2,0.00010242424,S19A
B2,-0.00017151515,S19A
C2,0.00007030303,S19A
D2,0.00064666667,S19A
E2,0.0024042424,S19A
F2,0.0024018182,S19A
G2,0.0022824242,S19A
H2,0.0028230303,S19A
A3,0.000077575758,S19A
B3,0.00006,S19A
C3,0.000064242424,S19A
D3,0.00068727273,S19A
E3,0.0022557576,S19A
F3,0.0026175758,S19A
G3,0.0023684848,S19A
H3,0.0027860606,S19A
A4,0.000049090909,Q384R
B4,0.00016060606,Q384R
C4,0.00036242424,Q384R
D4,0.0073606061,Q384R
E4,0.018546667,Q384R
F4,0.018757576,Q384R
G4,0.018184848,Q384R
H4,0.014735758,Q384R
A5,-0.00015393939,Q384R
B5,0.00010484848,Q384R
C5,0.00031151515,Q384R
D5,0.0055654545,Q384R
E5,0.018308485,Q384R
F5,0.017115152,Q384R
G5,0.018255152,Q384R
H5,0.016895152,Q384R
A6,0.00010909091,Q384R
B6,0.00013393939,Q384R
C6,0.00030242424,Q384R
D6,0.0052745455,Q384R
E6,0.017513333,Q384R
F6,0.015632727,Q384R
G6,0.015893939,Q384R
H6,0.014867879,Q384R
A7,-0.00015393939,Y295A
B7,0.00013575758,Y295A
C7,0.00005030303,Y295A
D7,-0.000036969697,Y295A
E7,-0.000047272727,Y295A
F7,-0.00010060606,Y295A
G7,0.00016363636,Y295A
H7,-0.00019212121,Y295A
A8,0.00011818182,Y295A
B8,0.000074545455,Y295A
C8,-0.00017878788,Y295A
D8,-0.000095151515,Y295A
E8,-0.00012181818,Y295A
F8,0.00014787879,Y295A
G8,-0.00027030303,Y295A
H8,0.000044848485,Y295A
A9,0.00011454545,Y295A
B9,0.000056363636,Y295A
C9,0.000046666667,Y295A
D9,0.00005030303,Y295A
E9,0.000044848485,Y295A
F9,-0.00012666667,Y295A
G9,-0.000072121212,Y295A
H9,0.000055151515,Y295A
A1,0.00015212121,W407R
B1,0.000069090909,W407R
C1,-0.000076969697,W407R
D1,-0.000087878788,W407R
E1,0.000053333333,W407R
F1,-0.0001569697,W407R
G1,0.000095151515,W407R
H1,0.000076363636,W407R
A2,-0.00011393939,W407R
B2,0.00016909091,W407R
C2,-0.000057575758,W407R
D2,-0.000054545455,W407R
E2,0.000092121212,W407R
F2,-0.00013636364,W407R
G2,0.000046060606,W407R
H2,0.000047272727,W407R
A3,-0.000095757576,W407R
B3,0.000033939394,W407R
C3,0.000093333333,W407R
D3,-0.00013515152,W407R
E3,-0.000094545455,W407R
F3,-0.00017878788,W407R
G3,0.000087272727,W407R
H3,0.000079393939,W407R
A7,0.000092727273,E180K
B7,0.00012606061,E180K
C7,-0.000095757576,E180K
D7,0.00024909091,E180K
E7,0.0014381818,E180K
F7,0.0041248485,E180K
G7,0.0052642424,E180K
H7,0.0047418182,E180K
A8,0.000075151515,E180K
B8,-0.00023575758,E180K
C8,0.000098787879,E180K
D8,0.00010545455,E180K
E8,0.0010151515,E180K
F8,0.0038339394,E180K
G8,0.0051915152,E180K
H8,0.004549697,E180K
A9,0.000093939394,E180K
B9,-0.00019818182,E180K
C9,-0.00013333333,E180K
D9,0.00016969697,E180K
E9,0.0010478788,E180K
F9,0.0019793939,E180K
G9,0.005030303,E180K
H9,0.0043812121,E180K
A10,-0.00017757576,I91E
B10,0.00019757576,I91E
C10,0.00035939394,I91E
D10,0.0084836364,I91E
E10,0.021945455,I91E
F10,0.024847273,I91E
G10,0.02970303,I91E
H10,0.018694545,I91E
A11,-0.00017030303,I91E
B11,0.0003769697,I91E
C11,0.00036545455,I91E
D11,0.0079133333,I91E
E11,0.020060606,I91E
F11,0.024334545,I91E
G11,0.031821818,I91E
H11,0.026312727,I91E
A12,0.00011757576,I91E
B12,0.000075151515,I91E
C12,0.0004769697,I91E
D12,0.0082024242,I91E
E12,0.019575758,I91E
F12,0.02574303,I91E
G12,0.028313333,I91E
H12,0.025330303,I91E
A4,0.00010848485,W120F
B4,0.00011454545,W120F
C4,0.00044787879,W120F
D4,0.0019393939,W120F
E4,0.00282,W120F
F4,0.0027763636,W120F
G4,0.0024793939,W120F
H4,0.0025381818,W120F
A5,0.000048484848,W120F
B5,0.00020787879,W120F
C5,0.00043757576,W120F
D5,0.0015224242,W120F
E5,0.0020375758,W120F
F5,0.0021509091,W120F
G5,0.001970303,W120F
H5,0.0024424242,W120F
A6,0.000074545455,W120F
B6,0.000084848485,W120F
C6,0.00047212121,W120F
D6,0.0012490909,W120F
E6,0.0020412121,W120F
F6,0.0026715152,W120F
G6,0.0025509091,W120F
H6,0.0024569697,W120F
A7,0.000057575758,E406D
B7,-0.00018121212,E406D
C7,-0.00011636364,E406D
D7,0.00021393939,E406D
E7,0.00070848485,E406D
F7,0.00072666667,E406D
G7,0.00069272727,E406D
H7,0.00070909091,E406D
A8,-0.00014363636,E406D
B8,-0.000083030303,E406D
C8,0.000068484848,E406D
D8,0.00022545455,E406D
E8,0.0006569697,E406D
F8,0.0007569697,E406D
G8,0.00070484848,E406D
H8,0.00071393939,E406D
A9,-0.000038181818,E406D
B9,-0.00017515152,E406D
C9,0.000085454545,E406D
D9,0.00021454545,E406D
E9,0.00063212121,E406D
F9,0.00068060606,E406D
G9,0.00070242424,E406D
H9,0.00071212121,E406D
A10,0.000097575758,E17S
B10,-0.00018787879,E17S
C10,-0.000063030303,E17S
D10,0.00047212121,E17S
E10,0.0021369697,E17S
F10,0.0026442424,E17S
G10,0.0028806061,E17S
H10,0.0028109091,E17S
A11,0.000057575758,E17S
B11,-0.000065454545,E17S
C11,0.00010424242,E17S
D11,0.00045757576,E17S
E11,0.0021133333,E17S
F11,0.0026387879,E17S
G11,0.0028169697,E17S
H11,0.0030139394,E17S
A12,-0.000043636364,E17S
B12,-0.00014121212,E17S
C12,-0.000087878788,E17S
D12,0.00036,E17S
E12,0.0022115152,E17S
F12,0.0026236364,E17S
G12,0.0030484848,E17S
H12,0.00308,E17S
A1,-0.000027878788,H315N
B1,-0.000035757576,H315N
C1,0.000042424242,H315N
D1,-0.000023636364,H315N
E1,0.00011090909,H315N
F1,-0.000026666667,H315N
G1,-0.000069090909,H315N
H1,-0.00002,H315N
A2,0.000032121212,H315N
B2,-0.00011151515,H315N
C2,-0.000041212121,H315N
D2,-0.000037575758,H315N
E2,-0.000024242424,H315N
F2,-0.000031515152,H315N
G2,-0.00006,H315N
H2,0.000015151515,H315N
A3,0.000056363636,H315N
B3,-0.000027878788,H315N
C3,-0.000052727273,H315N
D3,-0.00002969697,H315N
E3,-0.000059393939,H315N
F3,-0.000039393939,H315N
G3,-0.00011454545,H315N
H3,-0.000024242424,H315N
A4,0.000033939394,C167Q
B4,-0.00010545455,C167Q
C4,0.00014545455,C167Q
D4,0.00094,C167Q
E4,0.0045418182,C167Q
F4,0.0063345455,C167Q
G4,0.0069206061,C167Q
H4,0.0071872727,C167Q
A5,-0.000060606061,C167Q
B5,-0.000059393939,C167Q
C5,0.00014666667,C167Q
D5,0.00083030303,C167Q
E5,0.0040957576,C167Q
F5,0.0061557576,C167Q
G5,0.006689697,C167Q
H5,0.006890303,C167Q
A6,0.00014424242,C167Q
B6,0.000058181818,C167Q
C6,0.00012545455,C167Q
D6,0.00070727273,C167Q
E6,0.0042981818,C167Q
F6,0.0060036364,C167Q
G6,0.0070248485,C167Q
H6,0.0078072727,C167Q
A10,-0.000065454545,W299A
B10,-0.000023030303,W299A
C10,-0.000070909091,W299A
D10,0.000022424242,W299A
E10,0.000024242424,W299A
F10,-0.000040606061,W299A
G10,-0.000047272727,W299A
H10,-0.000021818182,W299A
A11,-0.000043636364,W299A
B11,-0.00007030303,W299A
C11,0.000055151515,W299A
D11,-0.000020606061,W299A
E11,-0.000034545455,W299A
F11,0.000016363636,W299A
G11,-0.000053939394,W299A
H11,-0.000019393939,W299A
A12,-0.000083636364,W299A
B12,-0.000046060606,W299A
C12,-0.00010060606,W299A
D12,-0.000041818182,W299A
E12,-0.000046666667,W299A
F12,-0.000023636364,W299A
G12,-0.00004969697,W299A
H12,-0.000029090909,W299A
A1,0.000040606061,Y294A
B1,0.000073939394,Y294A
C1,0.00015151515,Y294A
D1,0.0042212121,Y294A
E1,0.015168485,Y294A
F1,0.016159394,Y294A
G1,0.016715758,Y294A
H1,0.01923697,Y294A
A2,-0.00012787879,Y294A
B2,-0.000076969697,Y294A
C2,0.00010363636,Y294A
D2,0.0041387879,Y294A
E2,0.016996364,Y294A
F2,0.016480606,Y294A
G2,0.016948485,Y294A
H2,0.015252121,Y294A
A3,0.000063636364,Y294A
B3,-0.000087272727,Y294A
C3,0.00010787879,Y294A
D3,0.004550303,Y294A
E3,0.014287273,Y294A
F3,0.013988485,Y294A
G3,0.015221212,Y294A
H3,0.015292727,Y294A
A4,-0.00028,E164R
B4,-0.00011454545,E164R
C4,-0.00016727273,E164R
D4,-0.000054545455,E164R
E4,-0.00013333333,E164R
F4,-0.00012,E164R
G4,-0.000075757576,E164R
H4,-0.000035757576,E164R
A5,-0.000075151515,E164R
B5,-0.000098787879,E164R
C5,-0.000092727273,E164R
D5,0.0031939394,E164R
E5,-0.000053333333,E164R
F5,-0.00015090909,E164R
G5,-0.000058787879,E164R
H5,-0.000062424242,E164R
A6,0.000097575758,E164R
B6,-0.00017878788,E164R
C6,-0.00012060606,E164R
D6,-0.000097575758,E164R
E6,-0.000056969697,E164R
F6,-0.00015212121,E164R
G6,-0.00009030303,E164R
H6,-0.00005030303,E164R
A7,-0.000074545455,R240D
B7,-0.00015454545,R240D
C7,-0.000099393939,R240D
D7,-0.00009030303,R240D
E7,-0.00015939394,R240D
F7,-0.00014909091,R240D
G7,0.000033939394,R240D
H7,-0.000037575758,R240D
A8,0.000088484848,R240D
B8,-0.00013636364,R240D
C8,-0.00013636364,R240D
D8,-0.00015272727,R240D
E8,-0.000083030303,R240D
F8,-0.00013090909,R240D
G8,0.000037575758,R240D
H8,-0.000063030303,R240D
A9,-0.000041818182,R240D
B9,-0.000076969697,R240D
C9,-0.00015636364,R240D
D9,-0.00015939394,R240D
E9,-0.00010969697,R240D
F9,-0.000076969697,R240D
G9,-0.00013454545,R240D
H9,-0.00002969697,R240D
A10,-0.000050909091,W325G
B10,-0.00012060606,W325G
C10,-0.00010848485,W325G
D10,-0.000085454545,W325G
E10,-0.00013878788,W325G
F10,-0.000064848485,W325G
G10,-0.0001,W325G
H10,-0.000078787879,W325G
A11,0.00017030303,W325G
B11,-0.00013090909,W325G
C11,-0.00015090909,W325G
D11,-0.00012606061,W325G
E11,-0.000073939394,W325G
F11,-0.00018606061,W325G
G11,-0.000067878788,W325G
H11,-0.000099393939,W325G
A12,-0.00010424242,W325G
B12,-0.00011393939,W325G
C12,-0.00011515152,W325G
D12,-0.00010909091,W325G
E12,-0.000080606061,W325G
F12,-0.000030909091,W325G
G12,-0.00012424242,W325G
H12,0.000036969697,W325G
A1,-0.000046666667,E164A
B1,-0.000035151515,E164A
C1,-0.000034545455,E164A
D1,0.00013818182,E164A
E1,0.000087272727,E164A
F1,0.000041212121,E164A
G1,0.000046060606,E164A
H1,0.000031515152,E164A
A2,0.000052121212,E164A
B2,-0.000046666667,E164A
C2,0.000052121212,E164A
D2,0.00015757576,E164A
E2,0.00012181818,E164A
F2,0.000056363636,E164A
G2,-0.0001030303,E164A
H2,0.000027272727,E164A
A3,-0.000041212121,E164A
B3,0.000044848485,E164A
C3,0.000043030303,E164A
D3,0.000055757576,E164A
E3,0.000046666667,E164A
F3,0.000056969697,E164A
G3,0.000026060606,E164A
H3,0.000056363636,E164A
A4,-0.000059393939,N293A
B4,-0.000058787879,N293A
C4,-0.000076969697,N293A
D4,0.00024909091,N293A
E4,0.00018242424,N293A
F4,0.00017575758,N293A
G4,0.00016545455,N293A
H4,0.00017636364,N293A
A5,-0.000051515152,N293A
B5,-0.000083030303,N293A
C5,0.000050909091,N293A
D5,0.00026060606,N293A
E5,0.00022060606,N293A
F5,0.00020121212,N293A
G5,0.0002,N293A
H5,0.00020424242,N293A
A6,-0.000047272727,N293A
B6,-0.000055757576,N293A
C6,0.000038181818,N293A
D6,0.00018545455,N293A
E6,0.00014666667,N293A
F6,0.00014424242,N293A
G6,0.00024242424,N293A
H6,0.00024545455,N293A
A7,-0.000050909091,Q313R
B7,0.000098787879,Q313R
C7,0.00019030303,Q313R
D7,0.013827273,Q313R
E7,0.015452121,Q313R
F7,0.020004242,Q313R
G7,0.01996,Q313R
H7,0.017306667,Q313R
A8,0.000047878788,Q313R
B8,0.000055757576,Q313R
C8,0.00022242424,Q313R
D8,0.015988485,Q313R
E8,0.016277576,Q313R
F8,0.018230909,Q313R
G8,0.017207273,Q313R
H8,0.018745455,Q313R
A9,0.000052121212,Q313R
B9,0.000067878788,Q313R
C9,0.00026181818,Q313R
D9,0.013476364,Q313R
E9,0.013203636,Q313R
F9,0.015074545,Q313R
G9,0.016845455,Q313R
H9,0.017626667,Q313R
A10,-0.000035757576,W325L
B10,-0.000055151515,W325L
C10,0.000098787879,W325L
D10,0.00068545455,W325L
E10,0.00071515152,W325L
F10,0.0008030303,W325L
G10,0.00080606061,W325L
H10,0.00082,W325L
A11,-0.000049090909,W325L
B11,-0.00004969697,W325L
C11,0.000066666667,W325L
D11,0.00075757576,W325L
E11,0.00067090909,W325L
F11,0.00084060606,W325L
G11,0.00064484848,W325L
H11,0.00082909091,W325L
A12,-0.000044848485,W325L
B12,0.000047878788,W325L
C12,0.00006969697,W325L
D12,0.00067636364,W325L
E12,0.00084969697,W325L
F12,0.00077636364,W325L
G12,0.00067515152,W325L
H12,0.00077333333,W325L
A1,-0.00011333333,N223H
B1,0.000058181818,N223H
C1,-0.000081212121,N223H
D1,0.0001230303,N223H
E1,0.00063454545,N223H
F1,0.00088060606,N223H
G1,0.0007,N223H
H1,0.00058727273,N223H
A2,0.000069090909,N223H
B2,0.000052727273,N223H
C2,-0.00010060606,N223H
D2,0.00013636364,N223H
E2,0.00057151515,N223H
F2,0.00078606061,N223H
G2,0.00076242424,N223H
H2,0.00061212121,N223H
A3,0.00009030303,N223H
B3,0.00010484848,N223H
C3,0.000073939394,N223H
D3,0.00013090909,N223H
E3,0.00060787879,N223H
F3,0.0007630303,N223H
G3,0.00085515152,N223H
H3,0.00044727273,N223H
A4,0.0001,W399G
B4,-0.00011939394,W399G
C4,-0.00010121212,W399G
D4,-0.000047878788,W399G
E4,0.000074545455,W399G
F4,0.000072121212,W399G
G4,0.000092727273,W399G
H4,0.000093333333,W399G
A5,0.000066060606,W399G
B5,0.000063636364,W399G
C5,0.000081818182,W399G
D5,0.000068484848,W399G
E5,0.00006969697,W399G
F5,0.00019636364,W399G
G5,0.00011272727,W399G
H5,-0.00018,W399G
A6,0.000081212121,W399G
B6,0.000064848485,W399G
C6,-0.00014242424,W399G
D6,0.00016545455,W399G
E6,0.000087272727,W399G
F6,-0.00038363636,W399G
G6,0.000087272727,W399G
H6,0.00028666667,W399G
A7,0.000068484848,Y295G
B7,0.00011393939,Y295G
C7,0.00010242424,Y295G
D7,0.00013636364,Y295G
E7,-0.000073333333,Y295G
F7,0.00032181818,Y295G
G7,0.00012545455,Y295G
H7,-0.00022545455,Y295G
A8,0.000078181818,Y295G
B8,0.00012848485,Y295G
C8,0.000065454545,Y295G
D8,-0.000086666667,Y295G
E8,0.000095151515,Y295G
F8,0.00011939394,Y295G
G8,-0.00026484848,Y295G
H8,0.000072727273,Y295G
A9,0.00011272727,Y295G
B9,-0.00027636364,Y295G
C9,0.000099393939,Y295G
D9,0.00022666667,Y295G
E9,0.00019636364,Y295G
F9,0.00010545455,Y295G
G9,-0.000083636364,Y295G
H9,0.000078787879,Y295G
A1,0.00019030303,Y297F
B1,0.00022,Y297F
C1,0.00034484848,Y297F
D1,0.0096442424,Y297F
E1,0.035869697,Y297F
F1,0.030186061,Y297F
G1,0.035542424,Y297F
H1,0.036644848,Y297F
A2,0.00019272727,Y297F
B2,0.00019090909,Y297F
C2,0.00042969697,Y297F
D2,0.0085612121,Y297F
E2,0.034961818,Y297F
F2,0.033870303,Y297F
G2,0.034984848,Y297F
H2,0.033187879,Y297F
A3,0.00017333333,Y297F
B3,0.00016787879,Y297F
C3,0.00042181818,Y297F
D3,0.01003697,Y297F
E3,0.026225455,Y297F
F3,0.030889697,Y297F
G3,0.041139394,Y297F
H3,0.036166667,Y297F
A4,0.00021212121,A357A
B4,0.00020666667,A357A
C4,0.00044666667,A357A
D4,0.011328485,A357A
E4,0.022028485,A357A
F4,0.018186667,A357A
G4,0.020341818,A357A
H4,0.02716303,A357A
A5,0.00016545455,A357A
B5,0.00020242424,A357A
C5,0.00040484848,A357A
D5,0.0074218182,A357A
E5,0.020747879,A357A
F5,0.016787273,A357A
G5,0.018951515,A357A
H5,0.025418182,A357A
A6,0.00020787879,A357A
B6,0.00020909091,A357A
C6,0.00039272727,A357A
D6,0.0065533333,A357A
E6,0.020987879,A357A
F6,0.017881818,A357A
G6,0.020027879,A357A
H6,0.024273939,A357A
A7,0.00022121212,W399C
B7,0.00018666667,W399C
C7,0.00021636364,W399C
D7,0.00025393939,W399C
E7,0.00022787879,W399C
F7,0.00027515152,W399C
G7,0.00023151515,W399C
H7,0.00017939394,W399C
A8,0.00024727273,W399C
B8,0.00017090909,W399C
C8,0.00020242424,W399C
D8,0.00017212121,W399C
E8,0.00020181818,W399C
F8,0.00021090909,W399C
G8,0.00020606061,W399C
H8,0.00020909091,W399C
A9,0.00023333333,W399C
B9,0.00020545455,W399C
C9,0.00017818182,W399C
D9,-0.00020424242,W399C
E9,0.0002030303,W399C
F9,0.00025818182,W399C
G9,0.00022060606,W399C
H9,0.00018,W399C
A10,0.0001630303,W399S
B10,0.00021272727,W399S
C10,0.00016363636,W399S
D10,0.00019878788,W399S
E10,0.00017757576,W399S
F10,0.0002030303,W399S
G10,0.00015757576,W399S
H10,0.00021030303,W399S
A11,0.00027030303,W399S
B11,0.00024484848,W399S
C11,0.0002,W399S
D11,0.00018181818,W399S
E11,0.00018727273,W399S
F11,0.00016606061,W399S
G11,0.00019030303,W399S
H11,0.00025454545,W399S
A12,0.00024,W399S
B12,0.00019515152,W399S
C12,0.00024909091,W399S
D12,0.00015878788,W399S
E12,0.00023878788,W399S
F12,0.00024,W399S
G12,0.00016969697,W399S
H12,0.00015818182,W399S
A1,0.000025454545,W120A
B1,-0.000047272727,W120A
C1,0.000040606061,W120A
D1,0.000067878788,W120A
E1,0.000091515152,W120A
F1,0.00010484848,W120A
G1,0.00012727273,W120A
H1,0.00016181818,W120A
A2,0.000057575758,W120A
B2,-0.00010060606,W120A
C2,0.000028484848,W120A
D2,-0.000062424242,W120A
E2,0.00010484848,W120A
F2,0.00012666667,W120A
G2,0.00011939394,W120A
H2,0.00014484848,W120A
A3,0.000035151515,W120A
B3,-0.00002969697,W120A
C3,0.000027272727,W120A
D3,0.000096363636,W120A
E3,0.00012060606,W120A
F3,0.00010787879,W120A
G3,0.00012424242,W120A
H3,0.00010545455,W120A
A4,0.000065454545,N407C
B4,0.00030181818,N407C
C4,0.0037672727,N407C
D4,0.034452727,N407C
E4,0.032976364,N407C
F4,0.033061818,N407C
G4,0.037212727,N407C
H4,0.032896364,N407C
A5,0.000062424242,N407C
B5,0.00029090909,N407C
C5,0.003549697,N407C
D5,0.031361212,N407C
E5,0.034933939,N407C
F5,0.038613939,N407C
G5,0.036701818,N407C
H5,0.032352727,N407C
A6,0.000067878788,N407C
B6,0.00029333333,N407C
C6,0.0030109091,N407C
D6,0.031289091,N407C
E6,0.034618788,N407C
F6,0.030030303,N407C
G6,0.039414545,N407C
H6,0.032967879,N407C
A7,-0.000029090909,F415A
B7,-0.000084242424,F415A
C7,0.000053939394,F415A
D7,0.0001969697,F415A
E7,0.0004430303,F415A
F7,0.00050848485,F415A
G7,0.00047393939,F415A
H7,0.00050848485,F415A
A8,0.0013187879,F415A
B8,-0.000019393939,F415A
C8,0.000084848485,F415A
D8,0.00021333333,F415A
E8,0.0004030303,F415A
F8,0.00049393939,F415A
G8,0.00043212121,F415A
H8,0.00056242424,F415A
A9,-0.000055757576,F415A
B9,-0.000032121212,F415A
C9,0.000061212121,F415A
D9,0.00025515152,F415A
E9,0.00042424242,F415A
F9,0.00050848485,F415A
G9,0.00050242424,F415A
H9,0.00053575758,F415A
A10,0.00003030303,G355A
B10,-0.000042424242,G355A
C10,-0.00011393939,G355A
D10,-0.000015151515,G355A
E10,0.000098787879,G355A
F10,-0.000048484848,G355A
G10,-0.000086666667,G355A
H10,-0.000082424242,G355A
A11,-0.000084848485,G355A
B11,-0.000051515152,G355A
C11,0.000051515152,G355A
D11,-0.00005030303,G355A
E11,0.000063636364,G355A
F11,-0.000077575758,G355A
G11,-0.000075757576,G355A
H11,-0.000053333333,G355A
A12,0.000062424242,G355A
B12,-0.000072121212,G355A
C12,-0.00013515152,G355A
D12,-0.000092727273,G355A
E12,0.000098181818,G355A
F12,-0.000060606061,G355A
G12,-0.000059393939,G355A
H12,0.000053333333,G355A
A1,0.000026060606,H119A
B1,0.000027272727,H119A
C1,0.000022424242,H119A
D1,0.000081818182,H119A
E1,0.00032545455,H119A
F1,0.00036,H119A
G1,0.00039212121,H119A
H1,0.00038969697,H119A
A2,0.000022424242,H119A
B2,0.000049090909,H119A
C2,0.000024848485,H119A
D2,0.000081818182,H119A
E2,0.00035515152,H119A
F2,0.00036606061,H119A
G2,0.00040242424,H119A
H2,0.00041454545,H119A
A3,-0.00006,H119A
B3,0.000027878788,H119A
C3,0.000024242424,H119A
D3,0.000084242424,H119A
E3,0.0004,H119A
F3,0.0004230303,H119A
G3,0.00038545455,H119A
H3,0.00040666667,H119A
A4,0.000024848485,N163A
B4,-0.00003030303,N163A
C4,0.000035757576,N163A
D4,0.00017212121,N163A
E4,0.00024121212,N163A
F4,0.00029515152,N163A
G4,0.00027757576,N163A
H4,0.00026121212,N163A
A5,-0.00002969697,N163A
B5,0.000028484848,N163A
C5,0.000032727273,N163A
D5,0.00014969697,N163A
E5,0.00024181818,N163A
F5,0.00027090909,N163A
G5,0.00029636364,N163A
H5,0.00031878788,N163A
A6,0.000044848485,N163A
B6,0.000029090909,N163A
C6,0.000040606061,N163A
D6,0.00014242424,N163A
E6,0.00022787879,N163A
F6,0.00025151515,N163A
G6,0.00026969697,N163A
H6,0.00025454545,N163A
A7,0.00003030303,N354A
B7,0.00002,N354A
C7,0.00003030303,N354A
D7,0.000081212121,N354A
E7,0.00018363636,N354A
F7,0.00016848485,N354A
G7,0.00018,N354A
H7,0.00017818182,N354A
A8,-0.000026060606,N354A
B8,0.000025454545,N354A
C8,0.000025454545,N354A
D8,0.000080606061,N354A
E8,0.00014484848,N354A
F8,0.00020969697,N354A
G8,0.00016909091,N354A
H8,0.00018181818,N354A
A9,-0.000032121212,N354A
B9,0.000044242424,N354A
C9,-0.00003030303,N354A
D9,0.000073939394,N354A
E9,0.00014727273,N354A
F9,0.00017030303,N354A
G9,0.00017333333,N354A
H9,0.00019393939,N354A
A10,0.000046666667,N404A
B10,0.000022424242,N404A
C10,0.000049090909,N404A
D10,0.00045818182,N404A
E10,0.00063878788,N404A
F10,0.00066727273,N404A
G10,0.0006630303,N404A
H10,0.00067212121,N404A
A11,0.000042424242,N404A
B11,0.000024848485,N404A
C11,0.000034545455,N404A
D11,0.00043878788,N404A
E11,0.00062545455,N404A
F11,0.00067151515,N404A
G11,0.00067090909,N404A
H11,0.0006769697,N404A
A12,0.000041818182,N404A
B12,-0.000077575758,N404A
C12,-0.000049090909,N404A
D12,0.00044848485,N404A
E12,0.00063333333,N404A
F12,0.00066606061,N404A
G12,0.00066787879,N404A
H12,0.00069212121,N404A
A1,0.000056363636,S14A
B1,0.000058181818,S14A
C1,0.00017030303,S14A
D1,0.0097727273,S14A
E1,0.12949939,S14A
F1,0.1107897,S14A
G1,0.14542727,S14A
H1,0.12005152,S14A
A2,0.000040606061,S14A
B2,0.000047272727,S14A
C2,0.00016363636,S14A
D2,0.016279394,S14A
E2,0.14850364,S14A
F2,0.15461212,S14A
G2,0.13136727,S14A
H2,0.12859515,S14A
A3,0.000042424242,S14A
B3,0.000061818182,S14A
C3,0.00020606061,S14A
D3,0.017796364,S14A
E3,0.14279697,S14A
F3,0.14266909,S14A
G3,0.14010424,S14A
H3,0.12675697,S14A
A4,0.000060606061,S17A
B4,0.00022363636,S17A
C4,0.0029545455,S17A
D4,0.1151897,S17A
E4,0.18467333,S17A
F4,0.18386121,S17A
G4,0.18989758,S17A
H4,0.16836606,S17A
A5,0.000066666667,S17A
B5,0.00020545455,S17A
C5,0.0026745455,S17A
D5,0.10834848,S17A
E5,0.19193879,S17A
F5,0.16515939,S17A
G5,0.16848727,S17A
H5,0.1756697,S17A
A6,0.000059393939,S17A
B6,0.00019454545,S17A
C6,0.0024478788,S17A
D6,0.10431212,S17A
E6,0.17145333,S17A
F6,0.19012121,S17A
G6,0.16769212,S17A
H6,0.1524297,S17A
A1,-0.000042424242,E222A
B1,-0.00013272727,E222A
C1,0.00017818182,E222A
D1,0.00016909091,E222A
E1,0.001950303,E222A
F1,0.0050236364,E222A
G1,0.0073842424,E222A
H1,0.0068630303,E222A
A2,-0.000073939394,E222A
B2,-0.00015393939,E222A
C2,0.0006030303,E222A
D2,0.00020666667,E222A
E2,0.0019321212,E222A
F2,0.004929697,E222A
G2,0.0075187879,E222A
H2,0.0068563636,E222A
A3,0.000041212121,E222A
B3,-0.0002169697,E222A
C3,0.00034666667,E222A
D3,0.00015393939,E222A
E3,0.0015551515,E222A
F3,0.0044715152,E222A
G3,0.0070587879,E222A
H3,0.0069169697,E222A
A4,0.00013272727,N220A
B4,0.000095757576,N220A
C4,0.00013333333,N220A
D4,0.0046551515,N220A
E4,0.057479394,N220A
F4,0.072230909,N220A
G4,0.085044848,N220A
H4,0.09096,N220A
A5,0.000041212121,N220A
B5,-0.000093333333,N220A
C5,0.00012545455,N220A
D5,0.0044309091,N220A
E5,0.056687879,N220A
F5,0.077347273,N220A
G5,0.092869697,N220A
H5,0.085722424,N220A
A6,-0.00023636364,N220A
B6,-0.00020848485,N220A
C6,0.00015333333,N220A
D6,0.003270303,N220A
E6,0.049803636,N220A
F6,0.073912121,N220A
G6,0.074437576,N220A
H6,0.077013939,N220A
A7,-0.00013030303,R76A
B7,-0.00023030303,R76A
C7,0.0001230303,R76A
D7,0.000097575758,R76A
E7,0.00024363636,R76A
F7,0.00020181818,R76A
G7,0.00024242424,R76A
H7,0.0001630303,R76A
A8,0.00011090909,R76A
B8,-0.00016424242,R76A
C8,0.00014787879,R76A
D8,0.00014606061,R76A
E8,0.00015030303,R76A
F8,0.0001830303,R76A
G8,0.00016363636,R76A
H8,0.00014787879,R76A
A9,0.000080606061,R76A
B9,-0.00022181818,R76A
C9,0.00017636364,R76A
D9,0.00017757576,R76A
E9,0.00015515152,R76A
F9,0.00013575758,R76A
G9,0.00016242424,R76A
H9,0.00018181818,R76A
A10,-0.000052121212,S16A
B10,-0.000061818182,S16A
C10,0.00011515152,S16A
D10,0.0032539394,S16A
E10,0.017084242,S16A
F10,0.022224848,S16A
G10,0.025144848,S16A
H10,0.01954,S16A
A11,0.000093939394,S16A
B11,-0.000056363636,S16A
C11,0.000082424242,S16A
D11,0.0028933333,S16A
E11,0.018441212,S16A
F11,0.022238788,S16A
G11,0.025711515,S16A
H11,0.020686667,S16A
A12,0.000049090909,S16A
B12,0.000078787879,S16A
C12,0.00013393939,S16A
D12,0.0027969697,S16A
E12,0.019196364,S16A
F12,0.020288485,S16A
G12,0.023967273,S16A
H12,0.020915152,S16A
A1,-0.000072727273,S400A
B1,-0.000051515152,S400A
C1,0.00012666667,S400A
D1,0.0061381818,S400A
E1,0.17360424,S400A
F1,0.17393636,S400A
G1,0.23920303,S400A
H1,0.19428667,S400A
A2,-0.000041818182,S400A
B2,-0.00010181818,S400A
C2,0.00013454545,S400A
D2,0.0065084848,S400A
E2,0.17442424,S400A
F2,0.17151758,S400A
G2,0.22716909,S400A
H2,0.19405697,S400A
A3,-0.00011090909,S400A
B3,-0.000054545455,S400A
C3,0.00016242424,S400A
D3,0.008010303,S400A
E3,0.15519758,S400A
F3,0.16773576,S400A
G3,0.23441091,S400A
H3,0.19332242,S400A
A4,-0.000047272727,W407Q
B4,-0.000099393939,W407Q
C4,-0.000056363636,W407Q
D4,-0.000064242424,W407Q
E4,-0.000056363636,W407Q
F4,0.000042424242,W407Q
G4,-0.000064848485,W407Q
H4,-0.000021212121,W407Q
A5,-0.000029090909,W407Q
B5,-0.000078181818,W407Q
C5,-0.00013272727,W407Q
D5,-0.000059393939,W407Q
E5,-0.000035151515,W407Q
F5,-0.000036363636,W407Q
G5,0.000051515152,W407Q
H5,0.000087878788,W407Q
A6,-0.00008969697,W407Q
B6,-0.000075151515,W407Q
C6,-0.00010181818,W407Q
D6,-0.000071515152,W407Q
E6,0.00018,W407Q
F6,-0.000046060606,W407Q
G6,-0.000047878788,W407Q
H6,0.000018787879,W407Q
A7,-0.000056969697,W407R
B7,-0.000080606061,W407R
C7,-0.000080606061,W407R
D7,-0.00010181818,W407R
E7,-0.000039393939,W407R
F7,-0.000027272727,W407R
G7,0.000023636364,W407R
H7,0.000018787879,W407R
A8,-0.000076969697,W407R
B8,-0.000038181818,W407R
C8,-0.000073939394,W407R
D8,-0.000056969697,W407R
E8,-0.000032727273,W407R
F8,-0.000046666667,W407R
G8,-0.000035151515,W407R
H8,0.000046060606,W407R
A9,-0.00011515152,W407R
B9,-0.000091515152,W407R
C9,-0.000060606061,W407R
D9,-0.000095151515,W407R
E9,-0.000032727273,W407R
F9,-0.000031515152,W407R
G9,0.000080606061,W407R
H9,-0.000037575758,W407R
A10,-0.000078787879,P329N
B10,-0.000083030303,P329N
C10,-0.000077575758,P329N
D10,-0.000097575758,P329N
E10,0.000067272727,P329N
F10,0.000044848485,P329N
G10,0.000031515152,P329N
H10,0.00037939394,P329N
A11,-0.000083636364,P329N
B11,-0.000090909091,P329N
C11,-0.00010787879,P329N
D11,-0.00010121212,P329N
E11,-0.000065454545,P329N
F11,-0.000033939394,P329N
G11,0.000039393939,P329N
H11,-0.000054545455,P329N
A12,-0.000089090909,P329N
B12,-0.000095151515,P329N
C12,-0.000078787879,P329N
D12,-0.000050909091,P329N
E12,0.000066666667,P329N
F12,0.000013939394,P329N
G12,0.000035151515,P329N
H12,0.000033939394,P329N
A1,0.00017393939,E406A
B1,0.000098181818,E406A
C1,0.00060121212,E406A
D1,0.029646061,E406A
E1,0.32876061,E406A
F1,0.36144303,E406A
G1,0.34816242,E406A
H1,0.35827091,E406A
A2,0.00004969697,E406A
B2,0.000046666667,E406A
C2,-0.00040545455,E406A
D2,0.027872121,E406A
E2,0.34566545,E406A
F2,0.000027878788,E406A
G2,0.34010182,E406A
H2,0.28769758,E406A
A3,0.000073333333,E406A
B3,-0.00043454545,E406A
C3,0.00042727273,E406A
D3,0.038377576,E406A
E3,0.36903273,E406A
F3,0.36221455,E406A
G3,0.35448061,E406A
H3,0.38783273,E406A
A4,-0.000045454545,M221A
B4,-0.000062424242,M221A
C4,-0.000075151515,M221A
D4,-0.000088484848,M221A
E4,0.000068484848,M221A
F4,0.000047878788,M221A
G4,0.000076363636,M221A
H4,0.000075151515,M221A
A5,0.0016357576,M221A
B5,-0.000063636364,M221A
C5,-0.00013393939,M221A
D5,-0.000072727273,M221A
E5,0.000047272727,M221A
F5,-0.00010181818,M221A
G5,0.000053939394,M221A
H5,0.000051515152,M221A
A6,-0.000055757576,M221A
B6,0.000078181818,M221A
C6,0.00015030303,M221A
D6,-0.00010727273,M221A
E6,0.000060606061,M221A
F6,0.000084242424,M221A
G6,0.00008,M221A
H6,0.000082424242,M221A
A7,0.000043030303,E222K
B7,-0.000093333333,E222K
C7,0.00064121212,E222K
D7,0.025103636,E222K
E7,0.18313576,E222K
F7,0.1423897,E222K
G7,0.23092667,E222K
H7,0.20839273,E222K
A8,0.000025454545,E222K
B8,-0.00011515152,E222K
C8,0.00065151515,E222K
D8,0.00011333333,E222K
E8,0.066353333,E222K
F8,0.16835818,E222K
G8,0.19737273,E222K
H8,0.18197091,E222K
A9,-0.000089090909,E222K
B9,0.000075757576,E222K
C9,0.00025757576,E222K
D9,0.048969697,E222K
E9,0.18631939,E222K
F9,0.19659333,E222K
G9,0.19294364,E222K
H9,0.16471273,E222K
A10,-0.000054545455,E222Q
B10,0.00007030303,E222Q
C10,0.00036424242,E222Q
D10,0.022555758,E222Q
E10,0.12599152,E222Q
F10,0.17467333,E222Q
G10,0.15655333,E222Q
H10,0.11952545,E222Q
A11,-0.000093939394,E222Q
B11,0.00006,E222Q
C11,0.00072666667,E222Q
D11,0.022207879,E222Q
E11,0.1255,E222Q
F11,0.14296242,E222Q
G11,0.11451091,E222Q
H11,0.12743455,E222Q
A12,-0.000099393939,E222Q
B12,0.000049090909,E222Q
C12,0.00056606061,E222Q
D12,0.018008485,E222Q
E12,0.11979939,E222Q
F12,0.14054606,E222Q
G12,0.13626485,E222Q
H12,0.12631091,E222Q
A1,-0.000026666667,E222R
B1,0.000033939394,E222R
C1,-0.000039393939,E222R
D1,0.000044242424,E222R
E1,0.00019151515,E222R
F1,0.0002969697,E222R
G1,0.00030181818,E222R
H1,0.00028242424,E222R
A2,-0.00004969697,E222R
B2,0.000019393939,E222R
C2,-0.000026666667,E222R
D2,0.000041212121,E222R
E2,0.00017393939,E222R
F2,0.00028121212,E222R
G2,0.00027878788,E222R
H2,0.00026424242,E222R
A3,0.000027878788,E222R
B3,0.000015151515,E222R
C3,-0.000036969697,E222R
D3,0.000048484848,E222R
E3,0.00016242424,E222R
F3,0.00028060606,E222R
G3,0.00028787879,E222R
H3,0.00029090909,E222R
A4,0.000036363636,E222Y
B4,0.000032727273,E222Y
C4,0.000032727273,E222Y
D4,-0.00010424242,E222Y
E4,0.000040606061,E222Y
F4,0.00012969697,E222Y
G4,0.00018363636,E222Y
H4,0.00016666667,E222Y
A5,-0.000042424242,E222Y
B5,0.000021818182,E222Y
C5,-0.000031515152,E222Y
D5,-0.000040606061,E222Y
E5,0.000047878788,E222Y
F5,0.00013333333,E222Y
G5,0.00016424242,E222Y
H5,0.00014484848,E222Y
A6,-0.000031515152,E222Y
B6,0.000023636364,E222Y
C6,-0.000032121212,E222Y
D6,0.000022424242,E222Y
E6,0.000045454545,E222Y
F6,0.00013090909,E222Y
G6,0.00017030303,E222Y
H6,0.00016545455,E222Y
A7,0.000026666667,I244E
B7,0.000026060606,I244E
C7,0.000074545455,I244E
D7,0.0023127273,I244E
E7,0.018558182,I244E
F7,0.046947273,I244E
G7,0.053248485,I244E
H7,0.05219697,I244E
A8,-0.00010121212,I244E
B8,0.000032121212,I244E
C8,0.0001,I244E
D8,0.0022745455,I244E
E8,0.017932727,I244E
F8,0.04666,I244E
G8,0.046104848,I244E
H8,0.049770909,I244E
A9,-0.000047272727,I244E
B9,0.000046666667,I244E
C9,0.00023090909,I244E
D9,0.0025381818,I244E
E9,0.015638182,I244E
F9,0.044821818,I244E
G9,0.052318788,I244E
H9,0.047713333,I244E
A10,0.000029090909,N163C
B10,0.000027878788,N163C
C10,0.000050909091,N163C
D10,0.00011212121,N163C
E10,0.00015030303,N163C
F10,0.00031212121,N163C
G10,0.00044545455,N163C
H10,0.00038121212,N163C
A11,0.000031515152,N163C
B11,0.000027272727,N163C
C11,0.000050909091,N163C
D11,0.00010969697,N163C
E11,0.00015878788,N163C
F11,0.00030242424,N163C
G11,0.00039878788,N163C
H11,0.00040606061,N163C
A12,0.000041212121,N163C
B12,0.000038787879,N163C
C12,0.000047878788,N163C
D12,0.00013818182,N163C
E12,0.00014545455,N163C
F12,0.00031030303,N163C
G12,0.00045818182,N163C
H12,0.00036727273,N163C
A1,0.000064242424,S298E
B1,0.000083030303,S298E
C1,0.00036969697,S298E
D1,0.022659394,S298E
E1,0.13861576,S298E
F1,0.1746103,S298E
G1,0.17874848,S298E
H1,0.14263697,S298E
A2,0.000055151515,S298E
B2,0.000072121212,S298E
C2,0.00037090909,S298E
D2,0.023004242,S298E
E2,0.14044667,S298E
F2,0.17037333,S298E
G2,0.17985758,S298E
H2,0.18749333,S298E
A3,-0.000023636364,S298E
B3,0.000076969697,S298E
C3,0.00036121212,S298E
D3,0.025972121,S298E
E3,0.13276667,S298E
F3,0.15807394,S298E
G3,0.18152424,S298E
H3,0.18398242,S298E
A4,0.000044848485,W120H
B4,0.000035151515,W120H
C4,0.000055151515,W120H
D4,0.00063030303,W120H
E4,0.0014945455,W120H
F4,0.0017472727,W120H
G4,0.0019272727,W120H
H4,0.0016909091,W120H
A5,-0.000030909091,W120H
B5,-0.000029090909,W120H
C5,0.000046666667,W120H
D5,0.0005969697,W120H
E5,0.0014539394,W120H
F5,0.0017254545,W120H
G5,0.0018563636,W120H
H5,0.0019612121,W120H
A6,-0.000047878788,W120H
B6,0.000031515152,W120H
C6,0.000039393939,W120H
D6,0.00052787879,W120H
E6,0.0015193939,W120H
F6,0.001749697,W120H
G6,0.0019090909,W120H
H6,0.0020521212,W120H
A7,0.000034545455,W325R
B7,-0.000023636364,W325R
C7,-0.00002969697,W325R
D7,0.00012545455,W325R
E7,0.00040787879,W325R
F7,0.00057939394,W325R
G7,0.00057151515,W325R
H7,0.00063333333,W325R
A8,0.000075757576,W325R
B8,0.000033333333,W325R
C8,0.000022424242,W325R
D8,0.00014909091,W325R
E8,0.00048545455,W325R
F8,0.0005769697,W325R
G8,0.00058787879,W325R
H8,0.00060363636,W325R
A9,0.000027878788,W325R
B9,0.000024242424,W325R
C9,0.000025454545,W325R
D9,0.00015151515,W325R
E9,0.00052121212,W325R
F9,0.00055939394,W325R
G9,0.00057939394,W325R
H9,0.00059636364,W325R
A10,0.000026666667,W399S
B10,0.00013151515,W399S
C10,0.000020606061,W399S
D10,0.000030909091,W399S
E10,-0.000031515152,W399S
F10,0.000023030303,W399S
G10,-0.000073939394,W399S
H10,-0.000029090909,W399S
A11,0.000033333333,W399S
B11,-0.000041212121,W399S
C11,0.000047272727,W399S
D11,0.000023636364,W399S
E11,0.000062424242,W399S
F11,0.000039393939,W399S
G11,-0.000031515152,W399S
H11,-0.000027878788,W399S
A12,0.000031515152,W399S
B12,-0.000064242424,W399S
C12,0.000050909091,W399S
D12,0.000089090909,W399S
E12,-0.000026666667,W399S
F12,0.000025454545,W399S
G12,0.000029090909,W399S
H12,0.000036969697,W399S
A4,-0.000078181818,W407G
B4,-0.000061818182,W407G
C4,-0.00024727273,W407G
D4,0.00010121212,W407G
E4,0.00018181818,W407G
F4,0.00020909091,W407G
G4,0.00018060606,W407G
H4,0.00031818182,W407G
A5,0.000079393939,W407G
B5,0.000052121212,W407G
C5,0.00029515152,W407G
D5,0.000058787879,W407G
E5,0.00010363636,W407G
F5,0.00019212121,W407G
G5,0.00023818182,W407G
H5,0.00059575758,W407G
A6,0.000045454545,W407G
B6,0.000047878788,W407G
C6,0.000093939394,W407G
D6,-0.000059393939,W407G
E6,0.00015272727,W407G
F6,0.0001769697,W407G
G6,0.00031272727,W407G
H6,0.00022848485,W407G
A7,0.000055757576,H122E
B7,-0.000035151515,H122E
C7,-0.000036969697,H122E
D7,0.000055151515,H122E
E7,0.000034545455,H122E
F7,0.00022121212,H122E
G7,0.000048484848,H122E
H7,0.000052121212,H122E
A8,0.00014606061,H122E
B8,0.000044848485,H122E
C8,0.00012121212,H122E
D8,0.000062424242,H122E
E8,0.000076363636,H122E
F8,0.00035575758,H122E
G8,0.000032121212,H122E
H8,0.0012666667,H122E
A9,-0.000059393939,H122E
B9,0.00015515152,H122E
C9,-0.00036242424,H122E
D9,0.00017575758,H122E
E9,0.000070909091,H122E
F9,0.003769697,H122E
G9,0.00076424242,H122E
H9,0.00021030303,H122E
A10,-0.000046060606,T178R
B10,-0.000053939394,T178R
C10,0.000073939394,T178R
D10,0.00062060606,T178R
E10,0.0088975758,T178R
F10,0.015412727,T178R
G10,0.020112727,T178R
H10,0.021695152,T178R
A11,-0.00003030303,T178R
B11,-0.000046060606,T178R
C11,-0.000056363636,T178R
D11,0.0010727273,T178R
E11,0.0082624242,T178R
F11,0.025775758,T178R
G11,0.018792121,T178R
H11,0.031535758,T178R
A12,0.000027878788,T178R
B12,0.000030909091,T178R
C12,0.000072121212,T178R
D12,0.00062181818,T178R
E12,0.0089527273,T178R
F12,0.011490303,T178R
G12,0.012479394,T178R
H12,0.011825455,T178R
A4,0.000047878788,W325A
B4,-0.000077575758,W325A
C4,-0.000065454545,W325A
D4,0.000099393939,W325A
E4,0.00022242424,W325A
F4,0.00028484848,W325A
G4,0.00028848485,W325A
H4,0.00030787879,W325A
A5,-0.000099393939,W325A
B5,-0.000041818182,W325A
C5,0.000062424242,W325A
D5,0.00013757576,W325A
E5,0.00027818182,W325A
F5,0.00035757576,W325A
G5,0.00030848485,W325A
H5,0.00034181818,W325A
A6,-0.000061818182,W325A
B6,0.00006969697,W325A
C6,0.000072727273,W325A
D6,0.000088484848,W325A
E6,0.00024606061,W325A
F6,0.00033393939,W325A
G6,0.00032606061,W325A
H6,0.00027454545,W325A
A7,-0.000050909091,W34A
B7,0.000042424242,W34A
C7,0.000076363636,W34A
D7,-0.00009030303,W34A
E7,-0.000033939394,W34A
F7,0.000079393939,W34A
G7,-0.000087878788,W34A
H7,0.000033333333,W34A
A8,-0.000060606061,W34A
B8,0.000071515152,W34A
C8,-0.000044242424,W34A
D8,-0.000064848485,W34A
E8,-0.000035757576,W34A
F8,-0.000029090909,W34A
G8,-0.000022424242,W34A
H8,-0.000087272727,W34A
A9,0.000042424242,W34A
B9,0.000070909091,W34A
C9,-0.000047272727,W34A
D9,-0.000039393939,W34A
E9,-0.00004969697,W34A
F9,-0.000054545455,W34A
G9,-0.00007030303,W34A
H9,0.000034545455,W34A
A10,-0.000045454545,M323K
B10,-0.000043030303,M323K
C10,-0.00002969697,M323K
D10,-0.000056969697,M323K
E10,0.00016060606,M323K
F10,0.00027090909,M323K
G10,0.00030181818,M323K
H10,0.00019515152,M323K
A11,-0.000072121212,M323K
B11,-0.000050909091,M323K
C11,-0.00004,M323K
D11,-0.000030909091,M323K
E11,0.00014242424,M323K
F11,0.00027030303,M323K
G11,0.0002569697,M323K
H11,0.00019151515,M323K
A12,-0.000060606061,M323K
B12,0.000048484848,M323K
C12,0.000053333333,M323K
D12,0.00006,M323K
E12,0.00017575758,M323K
F12,0.00026242424,M323K
G12,0.00024424242,M323K
H12,0.00027030303,M323K
A1,-0.00011030303,H315E
B1,0.00013393939,H315E
C1,0.00048969697,H315E
D1,0.0041187879,H315E
E1,0.013672727,H315E
F1,0.012995152,H315E
G1,0.020169697,H315E
H1,0.0075678788,H315E
A2,0.000087878788,H315E
B2,0.00010606061,H315E
C2,0.00061939394,H315E
D2,0.0044109091,H315E
E2,0.013084848,H315E
F2,0.014373333,H315E
G2,0.022195152,H315E
H2,0.015692727,H315E
A3,0.00006,H315E
B3,0.000097575758,H315E
C3,0.00041030303,H315E
D3,0.0047690909,H315E
E3,0.01172303,H315E
F3,0.012548485,H315E
G3,0.023683636,H315E
H3,0.0092430303,H315E
A4,-0.000064848485,S16N
B4,0.000075151515,S16N
C4,-0.000033939394,S16N
D4,-0.000084848485,S16N
E4,-0.000029090909,S16N
F4,-0.000046060606,S16N
G4,-0.000035151515,S16N
H4,-0.000081212121,S16N
A5,-0.000056363636,S16N
B5,0.000043636364,S16N
C5,-0.000071515152,S16N
D5,0.000036363636,S16N
E5,-0.000052121212,S16N
F5,-0.000034545455,S16N
G5,0.000036363636,S16N
H5,-0.000074545455,S16N
A6,-0.000050909091,S16N
B6,-0.00041090909,S16N
C6,-0.000093939394,S16N
D6,-0.000061818182,S16N
E6,0.00004,S16N
F6,0.000026060606,S16N
G6,-0.000039393939,S16N
H6,0.000041818182,S16N
A7,0.000066666667,H178R
B7,0.000035757576,H178R
C7,-0.000050909091,H178R
D7,0.000094545455,H178R
E7,0.00003030303,H178R
F7,0.000044242424,H178R
G7,-0.000035151515,H178R
H7,-0.000068484848,H178R
A8,-0.00002969697,H178R
B8,0.000037575758,H178R
C8,-0.000054545455,H178R
D8,-0.000053333333,H178R
E8,-0.000035151515,H178R
F8,-0.000046666667,H178R
G8,0.000034545455,H178R
H8,-0.000076363636,H178R
A9,0.000080606061,H178R
B9,-0.000078787879,H178R
C9,0.000049090909,H178R
D9,-0.000039393939,H178R
E9,-0.000044848485,H178R
F9,0.000026666667,H178R
G9,-0.000044242424,H178R
H9,-0.000039393939,H178R
A10,-0.000017575758,N293D
B10,0.000038181818,N293D
C10,-0.000074545455,N293D
D10,0.000022424242,N293D
E10,-0.000056969697,N293D
F10,-0.000037575758,N293D
G10,-0.00005030303,N293D
H10,0.000075757576,N293D
A11,0.000047272727,N293D
B11,0.000028484848,N293D
C11,-0.00012484848,N293D
D11,-0.000055757576,N293D
E11,0.000027878788,N293D
F11,0.000048484848,N293D
G11,0.000038181818,N293D
H11,-0.000046060606,N293D
A12,0.000048484848,N293D
B12,0.000055151515,N293D
C12,-0.000078787879,N293D
D12,0.000062424242,N293D
E12,-0.000064242424,N293D
F12,-0.000023636364,N293D
G12,-0.000032727273,N293D
H12,-0.000039393939,N293D